,player,season,per,ts_pct,usg_pct,bpm,vorp,win_pct,votes_first,points_won,points_max,award_share,g,mp_per_g,pts_per_g,trb_per_g,ast_per_g,stl_per_g,blk_per_g,fg_pct,fg3_pct,ft_pct,ws,ws_per_48
0,Julius Erving,1980-81,25.1,0.572,28.4,7.5,6.9,0.7560975609756098,28.0,454.0,690.0,0.658,82.0,35.0,24.6,8.0,4.4,2.1,1.8,0.521,0.222,0.787,13.8,0.231
1,Larry Bird,1980-81,19.9,0.528,24.3,4.3,5.2,0.7560975609756098,20.0,423.0,690.0,0.613,82.0,39.5,21.2,10.9,5.5,2.0,0.8,0.478,0.27,0.863,10.8,0.16
2,Kareem Abdul-Jabbar,1980-81,25.5,0.616,26.3,6.1,6.1,0.6585365853658537,8.0,286.0,690.0,0.414,80.0,37.2,26.2,10.3,3.4,0.7,2.9,0.574,0.0,0.766,14.3,0.23
3,Moses Malone,1980-81,25.1,0.585,27.6,3.3,4.3,0.4878048780487805,8.0,180.0,690.0,0.261,80.0,40.6,27.8,14.8,1.8,1.0,1.9,0.522,0.333,0.757,13.7,0.202
4,George Gervin,1980-81,22.9,0.555,32.3,2.9,3.5,0.6341463414634146,1.0,83.0,690.0,0.12,82.0,33.7,27.1,5.1,3.2,1.1,0.7,0.492,0.257,0.826,10.5,0.182
5,Marques Johnson,1980-81,22.0,0.583,23.3,5.6,4.9,0.7317073170731707,1.0,73.0,690.0,0.106,76.0,33.4,20.3,6.8,4.6,1.5,0.5,0.552,0.0,0.706,11.2,0.211
6,Robert Parish,1980-81,25.2,0.579,27.1,5.4,4.3,0.7560975609756098,0.0,53.0,690.0,0.077,82.0,28.0,18.9,9.5,1.8,1.0,2.6,0.545,0.0,0.71,10.9,0.228
7,Dennis Johnson,1980-81,17.0,0.516,24.6,1.8,2.5,0.6951219512195121,0.0,50.0,690.0,0.072,79.0,33.1,18.8,4.6,3.7,1.7,0.8,0.436,0.216,0.82,8.4,0.154
8,Tiny Archibald,1980-81,14.3,0.582,17.5,-0.1,1.4,0.7560975609756098,0.0,32.0,690.0,0.046,80.0,35.3,13.8,2.2,7.7,0.9,0.2,0.499,0.0,0.816,6.9,0.118
9,Jamaal Wilkes,1980-81,18.0,0.556,24.5,0.5,1.9,0.6585365853658537,0.0,19.0,690.0,0.028,81.0,37.4,22.6,5.4,2.9,1.5,0.4,0.526,0.077,0.758,8.5,0.135
10,Magic Johnson,1980-81,25.7,0.582,24.3,8.8,3.8,0.6585365853658537,0.0,18.0,690.0,0.026,37.0,37.1,21.6,8.6,8.6,3.4,0.7,0.532,0.176,0.76,6.4,0.225
11,Adrian Dantley,1980-81,24.3,0.622,28.4,4.3,5.4,0.34146341463414637,1.0,15.0,690.0,0.022,80.0,42.7,30.7,6.4,4.0,1.4,0.2,0.559,0.286,0.806,13.6,0.191
12,Phil Ford,1980-81,17.3,0.553,23.3,0.5,1.4,0.4878048780487805,1.0,15.0,690.0,0.022,66.0,34.7,17.5,1.9,8.8,1.5,0.1,0.478,0.306,0.831,5.2,0.11
13,Bernard King,1980-81,19.9,0.617,23.2,2.8,3.6,0.47560975609756095,0.0,12.0,690.0,0.017,81.0,36.0,21.9,6.8,3.5,0.9,0.4,0.588,0.333,0.703,9.1,0.15
14,Kelvin Ransey,1980-81,14.9,0.484,24.3,-1.9,0.1,0.5487804878048781,1.0,11.0,690.0,0.016,80.0,30.4,15.2,2.4,6.9,1.1,0.1,0.452,0.097,0.749,2.8,0.056
15,Jack Sikma,1980-81,18.0,0.512,23.6,1.4,2.5,0.4146341463414634,0.0,11.0,690.0,0.016,82.0,35.6,18.7,10.4,3.0,1.0,1.1,0.454,0.0,0.823,8.0,0.132
16,Otis Birdsong,1980-81,20.3,0.58,26.8,2.4,2.9,0.4878048780487805,0.0,7.0,690.0,0.01,71.0,36.5,24.6,3.6,3.3,1.3,0.3,0.544,0.286,0.697,8.2,0.152
17,Micheal Ray Richardson,1980-81,17.1,0.511,20.0,3.2,4.2,0.6097560975609756,0.0,7.0,690.0,0.01,79.0,40.2,16.4,6.9,7.9,2.9,0.4,0.469,0.225,0.663,6.9,0.104
18,Truck Robinson,1980-81,14.9,0.531,21.5,-0.7,1.0,0.6951219512195121,0.0,6.0,690.0,0.009,82.0,37.7,18.8,9.6,2.5,0.8,0.5,0.505,0.0,0.629,7.6,0.119
19,Reggie Theus,1980-81,18.4,0.578,23.1,1.8,2.7,0.5487804878048781,0.0,6.0,690.0,0.009,82.0,34.4,18.9,3.5,5.2,1.5,0.2,0.495,0.2,0.809,9.2,0.156
20,Norm Nixon,1980-81,15.5,0.511,21.8,-0.6,1.0,0.6585365853658537,0.0,5.0,690.0,0.007,79.0,37.5,17.1,2.9,8.8,1.8,0.1,0.476,0.167,0.778,5.5,0.089
21,Artis Gilmore,1980-81,21.7,0.699,18.5,4.3,4.5,0.5487804878048781,0.0,4.0,690.0,0.006,82.0,34.5,17.9,10.1,2.1,0.6,2.4,0.67,0.0,0.705,12.3,0.208
22,Bob Lanier,1980-81,19.7,0.573,21.8,3.9,2.6,0.7317073170731707,0.0,4.0,690.0,0.006,67.0,26.2,14.3,6.2,2.7,1.1,1.2,0.525,1.0,0.751,6.8,0.185
23,Michael Cooper,1980-81,12.2,0.53,13.5,0.9,1.9,0.6585365853658537,0.0,3.0,690.0,0.004,81.0,32.4,9.4,4.1,4.1,1.6,1.0,0.491,0.211,0.785,5.0,0.092
24,Walter Davis,1980-81,18.4,0.579,25.6,1.9,2.1,0.6951219512195121,0.0,3.0,690.0,0.004,78.0,28.0,18.0,2.6,3.9,1.2,0.2,0.539,0.412,0.836,7.1,0.157
25,George Johnson,1980-81,13.5,0.517,10.4,1.6,1.8,0.6341463414634146,0.0,3.0,690.0,0.004,82.0,23.6,5.0,7.3,1.1,0.6,3.4,0.473,0.0,0.734,4.5,0.112
26,Bobby Jones,1980-81,20.1,0.604,20.8,4.7,3.5,0.7560975609756098,0.0,3.0,690.0,0.004,81.0,25.3,13.5,5.4,2.8,1.2,0.9,0.539,0.0,0.813,9.2,0.217
27,Mike Mitchell,1980-81,17.5,0.513,26.9,-0.3,1.3,0.34146341463414637,0.0,3.0,690.0,0.004,82.0,39.0,24.5,6.1,1.7,0.8,0.6,0.476,0.444,0.784,6.0,0.091
28,James Silas,1980-81,19.4,0.557,26.1,1.0,1.6,0.6341463414634146,0.0,3.0,690.0,0.004,75.0,27.4,17.7,3.1,3.8,0.7,0.2,0.477,0.0,0.85,7.0,0.164
29,Quinn Buckner,1980-81,15.1,0.522,21.1,0.8,1.7,0.7317073170731707,0.0,1.0,690.0,0.001,82.0,29.1,13.3,3.6,4.7,2.4,0.0,0.493,0.167,0.734,5.4,0.108
30,Caldwell Jones,1980-81,10.1,0.512,11.3,-0.6,0.9,0.7560975609756098,0.0,1.0,690.0,0.001,81.0,32.6,7.2,10.0,1.5,0.7,1.7,0.449,0.0,0.767,5.5,0.1
31,Moses Malone,1981-82,26.8,0.576,29.9,4.5,5.5,0.5609756097560976,40.0,507.0,690.0,0.735,81.0,42.0,31.1,14.7,1.8,0.9,1.5,0.519,0.0,0.762,15.4,0.218
32,Larry Bird,1981-82,22.6,0.557,25.2,6.6,6.4,0.7682926829268293,20.0,406.0,690.0,0.588,77.0,38.0,22.9,10.9,5.8,1.9,0.9,0.503,0.212,0.863,12.5,0.205
33,Julius Erving,1981-82,25.9,0.593,28.1,7.7,6.8,0.7073170731707317,1.0,203.0,690.0,0.294,81.0,34.4,24.4,6.9,3.9,2.0,1.7,0.546,0.273,0.763,13.3,0.229
34,Robert Parish,1981-82,22.6,0.571,25.5,3.8,3.7,0.7682926829268293,4.0,131.0,690.0,0.19,80.0,31.7,19.9,10.8,1.8,0.9,2.4,0.542,0.0,0.71,10.0,0.19
35,Gus Williams,1981-82,21.8,0.526,28.5,5.1,5.2,0.6341463414634146,2.0,115.0,690.0,0.167,80.0,36.0,23.4,3.1,6.9,2.2,0.5,0.486,0.225,0.734,10.2,0.171
36,George Gervin,1981-82,24.2,0.562,35.0,3.9,4.2,0.5853658536585366,1.0,110.0,690.0,0.159,79.0,35.7,32.3,5.0,2.4,1.0,0.6,0.5,0.278,0.864,10.7,0.182
37,Sidney Moncrief,1981-82,20.1,0.601,21.0,4.8,5.1,0.6707317073170732,1.0,101.0,690.0,0.146,80.0,37.3,19.8,6.7,4.8,1.7,0.3,0.523,0.071,0.817,13.4,0.216
38,Magic Johnson,1981-82,22.9,0.59,20.1,7.2,7.0,0.6951219512195121,0.0,67.0,690.0,0.097,78.0,38.3,18.6,9.6,9.5,2.7,0.4,0.537,0.207,0.76,12.9,0.207
39,Jack Sikma,1981-82,20.6,0.559,22.5,3.9,4.5,0.6341463414634146,0.0,33.0,690.0,0.048,82.0,37.2,19.6,12.7,3.4,1.2,1.3,0.479,0.154,0.855,12.6,0.199
40,Kareem Abdul-Jabbar,1981-82,23.4,0.608,25.6,5.0,4.7,0.6951219512195121,0.0,31.0,690.0,0.045,76.0,35.2,23.9,8.7,3.0,0.8,2.7,0.579,0.0,0.706,10.7,0.192
41,Dan Roundfield,1981-82,19.5,0.527,24.6,2.3,2.4,0.5121951219512195,0.0,14.0,690.0,0.02,61.0,36.3,18.6,11.8,2.7,1.0,1.5,0.466,0.2,0.76,6.5,0.141
42,Kelly Tripucka,1981-82,16.4,0.57,23.3,0.2,1.7,0.47560975609756095,0.0,14.0,690.0,0.02,82.0,37.5,21.6,5.4,3.3,1.1,0.2,0.496,0.227,0.797,7.5,0.117
43,Alex English,1981-82,22.2,0.596,25.3,3.8,4.4,0.5609756097560976,0.0,12.0,690.0,0.017,82.0,36.8,25.4,6.8,5.3,1.1,1.5,0.551,0.0,0.84,9.5,0.152
44,Bernard King,1981-82,19.8,0.6,25.3,2.2,3.1,0.5487804878048781,0.0,10.0,690.0,0.014,79.0,36.2,23.2,5.9,3.6,1.0,0.3,0.566,0.2,0.705,8.7,0.147
45,Adrian Dantley,1981-82,24.2,0.631,27.9,4.1,5.0,0.3048780487804878,0.0,7.0,690.0,0.01,81.0,39.8,30.3,6.3,4.0,1.2,0.2,0.57,0.333,0.792,12.6,0.187
46,Ray Williams,1981-82,19.0,0.527,27.4,3.6,3.9,0.5365853658536586,0.0,6.0,690.0,0.009,82.0,33.3,20.4,4.0,6.0,2.4,0.5,0.462,0.167,0.832,7.9,0.139
47,Michael Cooper,1981-82,14.3,0.556,17.5,0.9,1.6,0.6951219512195121,0.0,3.0,690.0,0.004,76.0,28.9,11.9,3.5,3.0,1.6,0.8,0.517,0.118,0.813,5.0,0.109
48,Dan Issel,1981-82,23.1,0.608,26.0,2.2,2.6,0.5609756097560976,0.0,3.0,690.0,0.004,81.0,30.5,22.9,7.5,2.2,0.8,0.7,0.527,0.667,0.834,9.8,0.19
49,Marques Johnson,1981-82,18.0,0.566,22.1,2.9,2.3,0.6707317073170732,0.0,3.0,690.0,0.004,60.0,31.7,16.5,6.1,3.6,1.0,0.6,0.532,0.0,0.7,6.2,0.158
50,Isiah Thomas,1981-82,14.5,0.487,25.0,-0.8,0.7,0.47560975609756095,0.0,3.0,690.0,0.004,72.0,33.8,17.0,2.9,7.8,2.1,0.2,0.424,0.288,0.704,2.3,0.046
51,Dennis Johnson,1981-82,16.7,0.54,23.6,1.3,2.5,0.5609756097560976,0.0,1.0,690.0,0.001,80.0,36.7,19.5,5.1,4.6,1.3,0.7,0.47,0.19,0.806,8.1,0.132
52,Mychal Thompson,1981-82,19.2,0.548,22.9,2.3,3.4,0.5121951219512195,0.0,1.0,690.0,0.001,79.0,39.6,20.8,11.7,4.0,0.9,1.4,0.523,0.0,0.628,8.2,0.125
53,Jay Vincent,1981-82,18.7,0.532,28.6,0.5,1.6,0.34146341463414637,0.0,1.0,690.0,0.001,81.0,32.4,21.4,7.0,2.2,1.1,0.3,0.497,0.25,0.716,5.6,0.102
54,Jamaal Wilkes,1981-82,16.5,0.554,23.6,-0.8,0.9,0.6951219512195121,0.0,1.0,690.0,0.001,82.0,35.4,21.1,4.8,1.7,1.1,0.3,0.525,0.0,0.732,7.7,0.127
55,Buck Williams,1981-82,17.2,0.603,18.2,0.7,1.9,0.5365853658536586,0.0,1.0,690.0,0.001,82.0,34.5,15.5,12.3,1.3,1.0,1.0,0.582,0.0,0.624,8.9,0.152
56,Moses Malone,1982-83,25.1,0.578,26.0,3.7,4.2,0.7926829268292683,69.0,720.0,750.0,0.96,78.0,37.5,24.5,15.3,1.3,1.1,2.0,0.501,0.0,0.761,15.1,0.248
57,Larry Bird,1982-83,24.1,0.561,25.0,7.5,7.2,0.6829268292682927,1.0,364.0,750.0,0.485,79.0,37.7,23.6,11.0,5.8,1.9,0.9,0.504,0.286,0.84,14.0,0.225
58,Magic Johnson,1982-83,23.0,0.603,19.0,7.2,6.8,0.7073170731707317,2.0,304.5,750.0,0.406,79.0,36.8,16.8,8.6,10.5,2.2,0.6,0.548,0.0,0.8,12.5,0.207
59,Sidney Moncrief,1982-83,22.6,0.602,24.7,5.4,5.1,0.6219512195121951,0.0,226.0,750.0,0.301,76.0,35.7,22.5,5.8,3.9,1.5,0.3,0.524,0.1,0.826,13.2,0.233
60,Julius Erving,1982-83,23.1,0.566,25.5,6.5,5.2,0.7926829268292683,3.0,112.0,750.0,0.149,72.0,33.6,21.4,6.8,3.7,1.6,1.8,0.517,0.286,0.759,10.9,0.217
61,Alex English,1982-83,24.1,0.561,28.9,4.6,5.0,0.5487804878048781,0.0,42.0,750.0,0.056,82.0,36.4,28.4,7.3,4.8,1.4,1.5,0.516,0.167,0.829,10.3,0.166
62,Buck Williams,1982-83,18.6,0.611,18.4,2.0,3.0,0.5975609756097561,0.0,40.0,750.0,0.053,82.0,36.1,17.0,12.5,1.5,1.1,1.3,0.588,0.0,0.62,11.4,0.185
63,Artis Gilmore,1982-83,21.2,0.668,19.4,2.8,3.4,0.6463414634146342,0.0,33.0,750.0,0.044,82.0,34.1,18.0,12.0,1.5,0.5,2.3,0.626,0.0,0.74,11.0,0.189
64,George Gervin,1982-83,20.5,0.561,29.1,1.8,2.7,0.6463414634146342,0.0,30.0,750.0,0.04,78.0,36.3,26.2,4.6,3.4,1.1,0.9,0.487,0.364,0.853,9.4,0.159
65,Kareem Abdul-Jabbar,1982-83,23.6,0.619,24.6,4.5,4.2,0.7073170731707317,0.0,15.0,750.0,0.02,79.0,32.3,21.8,7.5,2.5,0.8,2.2,0.588,0.0,0.749,10.9,0.205
66,Jack Sikma,1982-83,19.6,0.546,22.5,2.5,2.9,0.5853658536585366,0.0,13.0,750.0,0.017,75.0,34.2,18.2,11.4,3.1,1.2,0.9,0.464,0.0,0.837,9.8,0.183
67,Jeff Ruland,1982-83,19.4,0.595,23.0,2.8,3.5,0.5121951219512195,0.0,12.0,750.0,0.016,79.0,36.2,19.4,11.0,3.0,0.9,1.0,0.552,0.333,0.689,10.1,0.169
68,Terry Cummings,1982-83,22.8,0.557,26.0,3.0,3.2,0.3048780487804878,0.0,10.0,750.0,0.013,70.0,36.2,23.7,10.6,2.5,1.8,0.9,0.523,0.0,0.709,8.7,0.164
69,Maurice Lucas,1982-83,16.1,0.528,22.5,-0.3,1.1,0.6463414634146342,0.0,9.0,750.0,0.012,77.0,33.6,16.5,10.4,2.8,0.7,0.6,0.474,0.333,0.781,7.1,0.132
70,Alton Lister,1982-83,13.8,0.543,17.7,-0.5,0.7,0.6219512195121951,0.0,5.0,750.0,0.007,80.0,23.6,8.4,7.1,1.4,0.6,2.2,0.529,0.0,0.537,3.8,0.096
71,Bernard King,1982-83,20.3,0.566,29.1,3.5,3.1,0.5365853658536586,0.0,4.0,750.0,0.005,68.0,32.5,21.9,4.8,2.9,1.3,0.2,0.528,0.0,0.722,7.5,0.163
72,Isiah Thomas,1982-83,18.9,0.525,26.1,1.9,3.0,0.45121951219512196,0.0,4.0,750.0,0.005,81.0,38.2,22.9,4.0,7.8,2.5,0.4,0.472,0.288,0.71,7.4,0.115
73,Larry Drew,1982-83,18.1,0.545,23.7,1.6,2.4,0.5487804878048781,0.0,3.0,750.0,0.004,75.0,35.9,20.1,2.8,8.1,1.7,0.1,0.492,0.125,0.82,7.2,0.128
74,Gus Williams,1982-83,20.5,0.517,25.8,4.2,4.3,0.5853658536585366,0.0,3.0,750.0,0.004,80.0,34.5,20.0,2.6,8.0,2.3,0.3,0.477,0.047,0.751,8.5,0.148
75,Dan Roundfield,1982-83,18.8,0.526,24.2,1.7,2.6,0.524390243902439,0.0,2.0,750.0,0.003,77.0,36.5,19.0,11.4,2.9,0.8,1.5,0.47,0.185,0.749,7.4,0.127
76,Marques Johnson,1982-83,21.1,0.543,25.7,4.5,4.7,0.6219512195121951,0.0,1.5,750.0,0.002,80.0,35.7,21.4,7.0,4.5,1.3,0.7,0.509,0.2,0.735,10.7,0.18
77,Norm Nixon,1982-83,13.9,0.498,20.9,-1.9,0.0,0.7073170731707317,0.0,1.0,750.0,0.001,79.0,34.3,15.1,2.6,7.2,1.3,0.1,0.475,0.0,0.744,3.9,0.069
78,Kiki Vandeweghe,1982-83,21.8,0.613,24.9,2.4,3.2,0.5487804878048781,0.0,1.0,750.0,0.001,82.0,35.5,26.7,5.3,2.5,0.8,0.5,0.547,0.294,0.875,11.0,0.182
79,Larry Bird,1983-84,24.2,0.552,26.7,7.6,7.3,0.7560975609756098,52.0,652.0,760.0,0.858,79.0,38.3,24.2,10.1,6.6,1.8,0.9,0.492,0.247,0.888,13.6,0.215
80,Bernard King,1983-84,22.7,0.619,28.7,4.5,4.3,0.573170731707317,11.0,373.0,760.0,0.491,77.0,34.6,26.3,5.1,2.1,1.0,0.2,0.572,0.0,0.779,12.1,0.218
81,Magic Johnson,1983-84,22.6,0.628,19.5,6.6,5.6,0.6585365853658537,5.0,305.0,760.0,0.401,67.0,38.3,17.6,7.3,13.1,2.2,0.7,0.565,0.207,0.81,10.2,0.191
82,Kareem Abdul-Jabbar,1983-84,21.3,0.608,25.1,3.0,3.3,0.6585365853658537,3.0,153.0,760.0,0.201,80.0,32.8,21.5,7.3,2.6,0.7,1.8,0.578,0.0,0.723,8.9,0.163
83,Isiah Thomas,1983-84,20.9,0.52,25.4,4.8,5.1,0.5975609756097561,1.0,115.0,760.0,0.151,82.0,36.7,21.3,4.0,11.1,2.5,0.4,0.462,0.338,0.733,9.1,0.144
84,Julius Erving,1983-84,22.9,0.562,27.2,5.9,5.3,0.6341463414634146,1.0,98.0,760.0,0.129,77.0,34.8,22.4,6.9,4.0,1.8,1.8,0.512,0.333,0.754,10.1,0.18
85,Adrian Dantley,1983-84,24.6,0.652,28.2,4.2,4.7,0.5487804878048781,1.0,88.0,760.0,0.116,79.0,37.8,30.6,5.7,3.9,0.8,0.1,0.558,0.25,0.859,14.6,0.235
86,Sidney Moncrief,1983-84,19.8,0.591,22.2,4.1,4.7,0.6097560975609756,1.0,70.0,760.0,0.092,79.0,38.9,20.9,6.7,4.5,1.4,0.3,0.498,0.278,0.848,12.7,0.198
87,Jeff Ruland,1983-84,19.6,0.633,23.0,2.6,3.6,0.4268292682926829,1.0,38.0,760.0,0.05,75.0,41.1,22.2,12.3,3.9,0.9,1.0,0.579,0.143,0.733,9.3,0.144
88,Moses Malone,1983-84,21.8,0.566,26.4,0.8,1.8,0.6341463414634146,0.0,35.0,760.0,0.046,71.0,36.8,22.7,13.4,1.4,1.0,1.5,0.483,0.0,0.75,9.5,0.175
89,Mark Aguirre,1983-84,23.5,0.572,33.4,3.7,4.1,0.524390243902439,0.0,28.0,760.0,0.037,79.0,36.7,29.5,5.9,4.5,1.0,0.3,0.524,0.268,0.749,9.0,0.149
90,Bill Laimbeer,1983-84,19.2,0.59,18.2,1.8,2.7,0.5975609756097561,0.0,9.0,760.0,0.012,82.0,34.9,17.3,12.2,1.8,0.6,1.0,0.53,0.0,0.866,10.8,0.181
91,Rickey Green,1983-84,18.0,0.532,16.9,3.0,3.5,0.5487804878048781,0.0,8.0,760.0,0.011,81.0,34.2,13.2,2.8,9.2,2.7,0.2,0.486,0.118,0.821,7.9,0.138
92,World B. Free,1983-84,18.8,0.512,31.3,1.4,2.0,0.34146341463414637,0.0,1.0,760.0,0.001,75.0,31.7,22.3,2.9,3.0,1.3,0.1,0.445,0.319,0.784,5.3,0.107
93,Marques Johnson,1983-84,19.4,0.534,25.2,3.6,3.8,0.6097560975609756,0.0,1.0,760.0,0.001,74.0,36.7,20.7,6.5,4.3,1.6,0.6,0.502,0.154,0.709,8.6,0.152
94,Larry Bird,1984-85,26.5,0.585,28.5,8.8,8.7,0.7682926829268293,73.0,763.0,780.0,0.978,80.0,39.5,28.7,10.5,6.6,1.6,1.2,0.522,0.427,0.882,15.7,0.238
95,Magic Johnson,1984-85,23.2,0.637,20.5,6.7,6.1,0.7560975609756098,1.0,264.0,780.0,0.338,77.0,36.1,18.3,6.2,12.6,1.5,0.3,0.561,0.189,0.843,12.7,0.22
96,Moses Malone,1984-85,22.5,0.577,26.8,1.6,2.7,0.7073170731707317,0.0,218.0,780.0,0.279,79.0,37.4,24.6,13.1,1.6,0.8,1.6,0.469,0.0,0.815,11.9,0.193
97,Kareem Abdul-Jabbar,1984-85,22.9,0.628,24.3,5.1,4.8,0.7560975609756098,0.0,206.0,780.0,0.264,79.0,33.3,22.0,7.9,3.2,0.8,2.1,0.599,0.0,0.732,11.2,0.204
98,Terry Cummings,1984-85,22.1,0.536,28.8,4.3,4.3,0.7195121951219512,2.0,138.0,780.0,0.177,79.0,34.5,23.6,9.1,2.9,1.5,0.8,0.495,0.0,0.741,10.7,0.189
99,Michael Jordan,1984-85,25.8,0.592,29.8,7.3,7.4,0.4634146341463415,2.0,134.0,780.0,0.172,82.0,38.3,28.2,6.5,5.9,2.4,0.8,0.515,0.173,0.845,14.0,0.213
100,Bernard King,1984-85,25.2,0.585,35.1,5.1,3.6,0.2926829268292683,0.0,70.0,780.0,0.09,55.0,37.5,32.9,5.8,3.7,1.3,0.3,0.53,0.1,0.772,7.1,0.166
101,Sidney Moncrief,1984-85,20.1,0.565,23.6,4.8,4.7,0.7195121951219512,0.0,65.0,780.0,0.083,73.0,37.5,21.7,5.4,5.2,1.6,0.5,0.483,0.273,0.828,11.2,0.197
102,Isiah Thomas,1984-85,22.2,0.529,24.0,6.3,6.5,0.5609756097560976,0.0,63.0,780.0,0.081,81.0,38.1,21.2,4.5,13.9,2.3,0.3,0.458,0.257,0.809,11.2,0.173
103,Ralph Sampson,1984-85,17.4,0.533,25.9,0.4,1.8,0.5853658536585366,0.0,26.0,780.0,0.033,82.0,37.6,22.1,10.4,2.7,1.0,2.0,0.502,0.0,0.676,6.2,0.096
104,Calvin Natt,1984-85,21.8,0.604,24.1,3.1,3.4,0.6341463414634146,0.0,22.0,780.0,0.028,78.0,34.1,23.3,7.8,3.1,1.0,0.4,0.546,0.0,0.793,10.2,0.185
105,Alex English,1984-85,21.6,0.561,29.3,2.7,3.5,0.6341463414634146,0.0,12.0,780.0,0.015,81.0,36.1,27.9,5.7,4.2,1.2,0.6,0.518,0.2,0.829,8.9,0.146
106,Hakeem Olajuwon,1984-85,21.1,0.564,23.5,2.1,3.0,0.5853658536585366,0.0,12.0,780.0,0.015,82.0,35.5,20.6,11.9,1.4,1.2,2.7,0.538,0.0,0.613,10.2,0.168
107,Micheal Ray Richardson,1984-85,19.8,0.513,24.0,4.1,4.8,0.5121951219512195,0.0,11.0,780.0,0.014,82.0,38.1,20.1,5.6,8.2,3.0,0.3,0.469,0.252,0.767,8.7,0.134
108,Andrew Toney,1984-85,16.2,0.582,23.3,0.4,1.4,0.7073170731707317,0.0,5.0,780.0,0.006,70.0,32.0,17.8,2.5,5.2,0.9,0.3,0.492,0.371,0.862,5.5,0.118
109,Mark Eaton,1984-85,13.6,0.502,14.1,1.2,2.3,0.5,0.0,4.0,780.0,0.005,82.0,34.3,9.7,11.3,1.5,0.4,5.6,0.449,0.0,0.712,5.4,0.093
110,Paul Pressey,1984-85,17.6,0.577,19.2,4.2,4.5,0.7195121951219512,0.0,3.0,780.0,0.004,80.0,36.0,16.1,5.4,6.8,1.6,0.7,0.517,0.35,0.758,9.6,0.16
111,Jack Sikma,1984-85,20.4,0.564,22.2,4.4,3.9,0.3780487804878049,0.0,3.0,780.0,0.004,68.0,35.3,18.5,10.6,4.2,1.2,1.3,0.489,0.2,0.852,8.3,0.166
112,Dominique Wilkins,1984-85,20.9,0.514,32.5,2.2,3.2,0.4146341463414634,0.0,3.0,780.0,0.004,81.0,37.3,27.4,6.9,2.5,1.7,0.7,0.451,0.309,0.806,7.6,0.121
113,World B. Free,1984-85,19.7,0.529,29.4,3.0,2.8,0.43902439024390244,0.0,2.0,780.0,0.003,71.0,31.7,22.5,3.0,4.5,1.1,0.2,0.459,0.368,0.749,6.0,0.127
114,Purvis Short,1984-85,18.9,0.533,29.1,0.6,2.0,0.2682926829268293,0.0,2.0,780.0,0.003,78.0,39.5,28.0,5.1,3.0,1.5,0.3,0.46,0.313,0.817,6.2,0.097
115,Clyde Drexler,1984-85,19.7,0.534,23.5,4.3,4.1,0.5121951219512195,0.0,1.0,780.0,0.001,80.0,31.9,17.2,6.0,5.5,2.2,0.9,0.494,0.216,0.759,7.5,0.141
116,Julius Erving,1984-85,20.0,0.546,26.0,3.5,3.5,0.7073170731707317,0.0,1.0,780.0,0.001,78.0,32.5,20.0,5.3,3.0,1.7,1.4,0.494,0.214,0.765,7.6,0.144
117,Larry Bird,1985-86,25.6,0.58,27.6,8.7,8.4,0.8170731707317073,73.0,765.0,780.0,0.981,82.0,38.0,25.8,9.8,6.8,2.0,0.6,0.496,0.423,0.896,15.8,0.244
118,Dominique Wilkins,1985-86,23.3,0.536,32.9,4.2,4.8,0.6097560975609756,5.0,407.0,780.0,0.522,78.0,39.1,30.3,7.9,2.6,1.8,0.6,0.468,0.186,0.818,10.8,0.17
119,Magic Johnson,1985-86,24.0,0.61,21.6,6.7,5.7,0.7560975609756098,0.0,205.0,780.0,0.263,72.0,35.8,18.8,5.9,12.6,1.6,0.2,0.526,0.233,0.871,12.1,0.226
120,Hakeem Olajuwon,1985-86,24.2,0.56,25.6,4.0,3.8,0.6219512195121951,0.0,193.0,780.0,0.247,68.0,36.3,23.5,11.5,2.0,2.0,3.4,0.526,0.0,0.645,9.5,0.186
121,Kareem Abdul-Jabbar,1985-86,22.7,0.603,26.6,5.4,4.9,0.7560975609756098,0.0,135.0,780.0,0.173,79.0,33.3,23.4,6.1,3.5,0.8,1.6,0.564,0.0,0.765,10.8,0.197
122,Charles Barkley,1985-86,22.4,0.619,22.4,5.1,5.3,0.6585365853658537,0.0,133.0,780.0,0.171,80.0,36.9,20.0,12.8,3.9,2.2,1.6,0.572,0.227,0.685,10.8,0.176
123,Sidney Moncrief,1985-86,20.0,0.604,21.8,4.9,4.5,0.6951219512195121,0.0,56.0,780.0,0.072,73.0,35.2,20.2,4.6,4.9,1.4,0.2,0.489,0.32,0.859,11.7,0.219
124,Alex English,1985-86,21.7,0.562,30.5,2.9,3.7,0.573170731707317,0.0,55.0,780.0,0.071,81.0,37.3,29.8,5.0,4.0,0.9,0.4,0.504,0.2,0.862,9.8,0.156
125,Isiah Thomas,1985-86,21.2,0.554,24.4,5.0,4.9,0.5609756097560976,0.0,28.0,780.0,0.036,77.0,36.2,20.9,3.6,10.8,2.2,0.3,0.488,0.31,0.79,8.8,0.151
126,Moses Malone,1985-86,20.6,0.553,27.6,-0.1,1.3,0.6585365853658537,0.0,21.0,780.0,0.027,74.0,36.6,23.8,11.8,1.2,0.9,1.0,0.458,0.0,0.787,8.9,0.157
127,Terry Cummings,1985-86,18.2,0.503,27.2,0.9,2.0,0.6951219512195121,0.0,9.0,780.0,0.012,82.0,32.5,19.8,8.5,2.4,1.5,0.6,0.474,0.0,0.656,7.4,0.133
128,James Worthy,1985-86,20.4,0.613,22.6,3.9,3.6,0.7560975609756098,0.0,7.0,780.0,0.009,75.0,32.7,20.0,5.2,2.7,1.1,1.0,0.579,0.0,0.771,9.5,0.185
129,Kevin McHale,1985-86,21.6,0.623,22.5,4.4,3.9,0.8170731707317073,0.0,3.0,780.0,0.004,68.0,35.3,21.3,8.1,2.7,0.4,2.0,0.574,0.0,0.776,11.0,0.22
130,Paul Pressey,1985-86,18.6,0.564,18.6,5.7,5.3,0.6951219512195121,0.0,3.0,780.0,0.004,80.0,33.8,14.3,5.0,7.8,2.1,0.9,0.488,0.182,0.806,9.8,0.174
131,Alvin Robertson,1985-86,19.5,0.563,20.9,4.7,4.9,0.4268292682926829,0.0,3.0,780.0,0.004,82.0,35.1,17.0,6.3,5.5,3.7,0.5,0.514,0.276,0.795,8.6,0.143
132,Adrian Dantley,1985-86,24.6,0.629,30.0,4.9,4.8,0.5121951219512195,0.0,2.0,780.0,0.003,76.0,36.1,29.8,5.2,3.5,0.8,0.1,0.563,0.091,0.791,12.8,0.223
133,Buck Williams,1985-86,15.1,0.565,18.1,-0.6,1.1,0.47560975609756095,0.0,2.0,780.0,0.003,82.0,37.4,15.9,12.0,1.6,0.9,1.2,0.523,0.0,0.676,6.8,0.106
134,Dennis Johnson,1985-86,14.7,0.509,20.5,0.5,1.8,0.8170731707317073,0.0,1.0,780.0,0.001,78.0,35.0,15.6,3.4,5.8,1.4,0.4,0.455,0.143,0.818,6.7,0.118
135,Magic Johnson,1986-87,27.0,0.602,26.3,8.8,8.0,0.7926829268292683,65.0,733.0,780.0,0.94,80.0,36.3,23.9,6.3,12.2,1.7,0.5,0.522,0.205,0.848,15.9,0.263
136,Michael Jordan,1986-87,29.8,0.562,38.3,10.8,10.6,0.4878048780487805,10.0,449.0,780.0,0.576,82.0,40.0,37.1,5.2,4.6,2.9,1.5,0.482,0.182,0.857,16.9,0.247
137,Larry Bird,1986-87,26.4,0.612,27.5,9.4,8.6,0.7195121951219512,1.0,271.0,780.0,0.347,74.0,40.6,28.1,9.2,7.6,1.8,0.9,0.525,0.4,0.91,15.2,0.243
138,Kevin McHale,1986-87,24.0,0.655,24.1,5.1,5.5,0.7195121951219512,0.0,254.0,780.0,0.326,77.0,39.7,26.1,9.9,2.6,0.5,2.2,0.604,0.0,0.836,14.8,0.232
139,Dominique Wilkins,1986-87,23.5,0.543,32.3,5.5,5.6,0.6951219512195121,0.0,128.0,780.0,0.164,79.0,37.6,29.0,6.3,3.3,1.5,0.6,0.463,0.292,0.818,12.2,0.197
140,Charles Barkley,1986-87,25.1,0.66,23.1,6.7,6.0,0.5487804878048781,1.0,113.0,780.0,0.145,68.0,40.3,23.0,14.6,4.9,1.8,1.5,0.594,0.202,0.761,12.0,0.21
141,Hakeem Olajuwon,1986-87,23.8,0.554,26.8,5.8,5.4,0.5121951219512195,1.0,28.0,780.0,0.036,75.0,36.8,23.4,11.4,2.9,1.9,3.4,0.508,0.2,0.702,10.9,0.189
142,Isiah Thomas,1986-87,18.8,0.528,25.9,3.3,4.0,0.6341463414634146,0.0,17.0,780.0,0.022,81.0,37.2,20.6,3.9,10.0,1.9,0.2,0.463,0.194,0.768,7.6,0.121
143,Fat Lever,1986-87,20.8,0.515,21.1,5.0,5.4,0.45121951219512196,0.0,11.0,780.0,0.014,82.0,37.2,18.9,8.9,8.0,2.5,0.4,0.469,0.239,0.782,9.7,0.153
144,Moses Malone,1986-87,23.8,0.545,29.3,2.8,3.0,0.5121951219512195,0.0,9.0,780.0,0.012,73.0,34.1,24.1,11.3,1.6,0.8,1.3,0.454,0.0,0.824,9.4,0.182
145,Steve Johnson,1986-87,15.1,0.602,23.1,-1.4,0.3,0.5975609756097561,0.0,4.0,780.0,0.005,79.0,29.7,16.8,7.2,2.0,0.6,1.0,0.556,0.0,0.698,4.4,0.091
146,Karl Malone,1986-87,18.0,0.536,26.3,0.3,1.7,0.5365853658536586,0.0,3.0,780.0,0.004,82.0,34.8,21.7,10.4,1.9,1.3,0.7,0.512,0.0,0.598,6.9,0.116
147,Robert Parish,1986-87,17.7,0.588,19.7,1.2,2.4,0.7195121951219512,0.0,3.0,780.0,0.004,80.0,37.4,17.5,10.6,2.2,0.8,1.8,0.556,0.0,0.735,9.2,0.147
148,Alex English,1986-87,20.5,0.549,29.2,1.9,3.1,0.45121951219512196,0.0,2.0,780.0,0.003,82.0,37.6,28.6,4.2,5.1,0.9,0.3,0.503,0.267,0.844,8.1,0.126
149,Mark Aguirre,1986-87,22.1,0.56,31.3,3.1,3.4,0.6707317073170732,0.0,1.0,780.0,0.001,80.0,33.3,25.7,5.3,3.2,1.1,0.4,0.495,0.353,0.77,8.9,0.16
150,Rolando Blackman,1986-87,18.1,0.569,24.3,1.0,2.1,0.6707317073170732,0.0,1.0,780.0,0.001,80.0,34.5,21.0,3.5,3.3,0.8,0.3,0.495,0.333,0.884,8.0,0.14
151,Joe Barry Carroll,1986-87,18.4,0.521,27.8,0.7,1.8,0.5121951219512195,0.0,1.0,780.0,0.001,81.0,33.6,21.2,7.3,2.6,1.1,1.5,0.472,0.0,0.787,4.6,0.082
152,Michael Jordan,1987-88,31.7,0.603,34.1,13.0,12.5,0.6097560975609756,47.0,665.0,800.0,0.831,82.0,40.4,35.0,5.5,5.9,3.2,1.6,0.535,0.132,0.841,21.2,0.308
153,Larry Bird,1987-88,27.8,0.608,30.2,8.8,8.1,0.6951219512195121,16.0,527.0,800.0,0.659,76.0,39.0,29.9,9.3,6.1,1.6,0.8,0.527,0.414,0.916,15.0,0.243
154,Magic Johnson,1987-88,23.1,0.581,23.4,6.0,5.3,0.7560975609756098,16.0,508.0,800.0,0.635,72.0,36.6,19.6,6.2,11.9,1.6,0.2,0.492,0.196,0.853,10.9,0.199
155,Charles Barkley,1987-88,27.6,0.665,26.7,7.4,7.5,0.43902439024390244,1.0,109.0,800.0,0.136,80.0,39.6,28.3,11.9,3.2,1.3,1.3,0.587,0.28,0.751,16.7,0.253
156,Clyde Drexler,1987-88,24.1,0.564,28.0,7.0,7.0,0.6463414634146342,0.0,86.0,800.0,0.108,81.0,37.8,27.0,6.6,5.8,2.5,0.6,0.506,0.212,0.811,13.2,0.207
157,Dominique Wilkins,1987-88,23.7,0.534,35.2,4.3,4.7,0.6097560975609756,0.0,55.0,800.0,0.069,78.0,37.8,30.7,6.4,2.9,1.3,0.6,0.464,0.295,0.826,9.8,0.16
158,Hakeem Olajuwon,1987-88,23.4,0.555,26.5,4.4,4.6,0.5609756097560976,0.0,40.0,800.0,0.05,79.0,35.8,22.8,12.1,2.1,2.1,2.7,0.514,0.0,0.695,10.7,0.182
159,Karl Malone,1987-88,20.7,0.568,29.7,1.5,2.9,0.573170731707317,0.0,36.0,800.0,0.045,82.0,39.0,27.7,12.0,2.4,1.4,0.6,0.52,0.0,0.7,10.1,0.152
160,Fat Lever,1987-88,20.5,0.516,21.4,5.1,5.5,0.6585365853658537,0.0,26.0,800.0,0.033,82.0,37.3,18.9,8.1,7.8,2.7,0.3,0.473,0.211,0.785,10.4,0.163
161,John Stockton,1987-88,23.2,0.645,17.2,8.5,7.6,0.573170731707317,0.0,15.0,800.0,0.019,82.0,34.7,14.7,2.9,13.8,3.0,0.2,0.574,0.358,0.84,14.1,0.238
162,Alex English,1987-88,19.8,0.535,28.4,2.0,2.9,0.6585365853658537,0.0,4.0,800.0,0.005,80.0,35.2,25.0,4.7,4.7,0.9,0.3,0.495,0.0,0.828,7.6,0.129
163,Isiah Thomas,1987-88,18.2,0.521,25.4,3.0,3.7,0.6585365853658537,0.0,3.0,800.0,0.004,81.0,36.1,19.5,3.4,8.4,1.7,0.2,0.463,0.309,0.774,7.6,0.124
164,Mark Jackson,1987-88,15.7,0.493,17.3,2.7,3.9,0.4634146341463415,0.0,2.0,800.0,0.003,82.0,39.6,13.6,4.8,10.6,2.5,0.1,0.432,0.254,0.774,7.6,0.113
165,Michael Adams,1987-88,15.6,0.56,16.2,2.5,3.1,0.6585365853658537,0.0,1.0,800.0,0.001,82.0,33.9,13.9,2.7,6.1,2.0,0.2,0.449,0.367,0.834,7.5,0.13
166,Mark Aguirre,1987-88,21.9,0.539,31.6,3.8,3.9,0.6463414634146342,0.0,1.0,800.0,0.001,77.0,33.9,25.1,5.6,3.6,0.9,0.7,0.475,0.302,0.77,8.8,0.163
167,Adrian Dantley,1987-88,19.9,0.619,24.2,3.5,2.9,0.6585365853658537,0.0,1.0,800.0,0.001,69.0,31.1,20.0,3.3,2.5,0.6,0.1,0.514,0.0,0.86,9.4,0.21
168,Buck Williams,1987-88,18.2,0.603,20.0,0.2,1.5,0.23170731707317074,0.0,1.0,800.0,0.001,70.0,37.7,18.3,11.9,1.6,1.0,0.6,0.56,1.0,0.668,7.6,0.138
169,Magic Johnson,1988-89,26.9,0.625,24.3,9.4,8.3,0.6951219512195121,42.5,664.5,850.0,0.782,77.0,37.5,22.5,7.9,12.8,1.8,0.3,0.509,0.314,0.911,16.1,0.267
170,Michael Jordan,1988-89,31.1,0.614,32.1,11.9,11.4,0.573170731707317,27.5,598.8,850.0,0.704,81.0,40.2,32.5,8.0,8.0,2.9,0.8,0.538,0.276,0.85,19.8,0.292
171,Karl Malone,1988-89,24.4,0.592,30.4,5.4,5.9,0.6219512195121951,5.0,362.0,850.0,0.426,80.0,39.1,29.1,10.7,2.7,1.8,0.9,0.519,0.313,0.766,15.2,0.233
172,Patrick Ewing,1988-89,22.1,0.607,23.6,4.5,4.8,0.6341463414634146,8.0,200.0,850.0,0.235,80.0,36.2,22.7,9.3,2.4,1.5,3.5,0.567,0.0,0.746,10.9,0.181
173,Hakeem Olajuwon,1988-89,25.2,0.552,28.2,5.5,5.7,0.5487804878048781,2.0,179.3,850.0,0.211,82.0,36.9,24.8,13.5,1.8,2.6,3.4,0.508,0.0,0.696,12.4,0.197
174,Charles Barkley,1988-89,27.0,0.653,24.4,7.5,7.4,0.5609756097560976,0.0,94.3,850.0,0.111,79.0,39.1,25.8,12.5,4.1,1.6,0.8,0.579,0.216,0.753,16.1,0.25
175,John Stockton,1988-89,22.9,0.624,19.1,8.3,8.3,0.6219512195121951,0.0,28.0,850.0,0.033,82.0,38.7,17.1,3.0,13.6,3.2,0.2,0.538,0.242,0.863,15.6,0.236
176,Kevin Johnson,1988-89,20.5,0.597,21.2,4.2,5.0,0.6707317073170732,0.0,22.0,850.0,0.026,81.0,39.2,20.4,4.2,12.2,1.7,0.3,0.505,0.091,0.882,12.2,0.184
177,Tom Chambers,1988-89,19.3,0.547,28.2,1.4,2.6,0.6707317073170732,0.0,20.0,850.0,0.024,81.0,37.1,25.7,8.4,2.9,1.1,0.7,0.471,0.326,0.851,9.2,0.146
178,Mark Price,1988-89,20.6,0.623,21.0,4.5,4.5,0.6951219512195121,0.0,18.0,850.0,0.021,75.0,36.4,18.9,3.0,8.4,1.5,0.1,0.526,0.441,0.901,11.3,0.199
179,Brad Daugherty,1988-89,18.5,0.594,22.2,2.0,2.9,0.6951219512195121,0.0,4.0,850.0,0.005,78.0,36.2,18.9,9.2,3.7,0.8,0.5,0.538,0.333,0.737,9.6,0.164
180,Robert Parish,1988-89,21.6,0.607,20.9,3.3,3.8,0.5121951219512195,0.0,4.0,850.0,0.005,80.0,35.5,18.6,12.5,2.2,1.0,1.5,0.57,0.0,0.719,10.5,0.177
181,Mark Eaton,1988-89,10.6,0.513,9.2,0.6,1.9,0.6219512195121951,0.0,3.0,850.0,0.004,82.0,35.5,6.2,10.3,1.0,0.5,3.8,0.462,0.0,0.66,6.6,0.108
182,Moses Malone,1988-89,21.2,0.581,23.4,1.8,2.7,0.6341463414634146,0.0,3.0,850.0,0.004,81.0,35.5,20.2,11.8,1.4,1.0,1.2,0.491,0.0,0.789,10.7,0.178
183,Chris Mullin,1988-89,21.9,0.581,26.6,4.0,4.7,0.524390243902439,0.0,3.0,850.0,0.004,82.0,37.7,26.5,5.9,5.1,2.1,0.5,0.509,0.23,0.892,10.6,0.165
184,Larry Nance,1988-89,19.9,0.59,19.9,3.9,3.8,0.6951219512195121,0.0,3.0,850.0,0.004,73.0,34.6,17.2,8.0,2.2,0.8,2.8,0.539,0.0,0.799,10.3,0.197
185,Terry Cummings,1988-89,19.7,0.518,28.9,1.2,2.3,0.5975609756097561,0.0,1.0,850.0,0.001,80.0,35.3,22.9,8.1,2.5,1.3,0.9,0.467,0.467,0.787,7.7,0.131
186,Joe Dumars,1988-89,16.8,0.571,21.6,1.9,2.4,0.7682926829268293,0.0,1.0,850.0,0.001,69.0,34.9,17.2,2.5,5.7,0.9,0.1,0.505,0.483,0.85,7.0,0.14
187,Isiah Thomas,1988-89,17.1,0.528,24.6,2.6,3.4,0.7682926829268293,0.0,1.0,850.0,0.001,80.0,36.6,18.2,3.4,8.3,1.7,0.3,0.464,0.273,0.818,7.0,0.115
188,Magic Johnson,1989-90,26.6,0.622,24.8,10.1,8.9,0.7682926829268293,27.0,636.0,920.0,0.691,79.0,37.2,22.3,6.6,11.5,1.7,0.4,0.48,0.384,0.89,16.5,0.27
189,Charles Barkley,1989-90,27.1,0.661,24.0,8.2,8.0,0.6463414634146342,38.0,614.0,920.0,0.667,79.0,39.1,25.2,11.5,3.9,1.9,0.6,0.6,0.217,0.749,17.3,0.269
190,Michael Jordan,1989-90,31.2,0.606,33.7,11.2,10.6,0.6707317073170732,21.0,564.0,920.0,0.613,82.0,39.0,33.6,6.9,6.3,2.8,0.7,0.526,0.376,0.848,19.0,0.285
191,Karl Malone,1989-90,27.2,0.626,32.6,6.4,6.6,0.6707317073170732,2.0,214.0,920.0,0.233,82.0,38.1,31.0,11.1,2.8,1.5,0.6,0.562,0.372,0.762,15.9,0.245
192,Patrick Ewing,1989-90,25.8,0.599,29.4,5.5,6.0,0.5487804878048781,1.0,162.0,920.0,0.176,82.0,38.6,28.6,10.9,2.2,1.0,4.0,0.551,0.25,0.775,13.5,0.205
193,David Robinson,1989-90,26.3,0.597,26.6,6.9,6.8,0.6829268292682927,2.0,102.0,920.0,0.111,82.0,36.6,24.3,12.0,2.0,1.7,3.9,0.531,0.0,0.732,15.1,0.241
194,Hakeem Olajuwon,1989-90,24.1,0.541,28.1,5.8,6.2,0.5,1.0,64.0,920.0,0.07,82.0,38.1,24.3,14.0,2.9,2.1,4.6,0.501,0.167,0.713,11.2,0.173
195,Tom Chambers,1989-90,20.9,0.579,28.8,2.3,3.3,0.6585365853658537,0.0,12.0,920.0,0.013,81.0,37.6,27.2,7.0,2.3,1.1,0.6,0.501,0.279,0.861,11.2,0.176
196,John Stockton,1989-90,23.9,0.607,20.6,8.9,8.0,0.6707317073170732,0.0,9.0,920.0,0.01,78.0,37.4,17.2,2.6,14.5,2.7,0.2,0.514,0.416,0.819,14.4,0.238
197,Larry Bird,1989-90,21.9,0.546,27.4,5.3,5.5,0.6341463414634146,0.0,5.0,920.0,0.005,75.0,39.3,24.3,9.5,7.5,1.4,0.8,0.473,0.333,0.93,9.5,0.154
198,Buck Williams,1989-90,14.3,0.597,15.5,0.7,1.9,0.7195121951219512,0.0,5.0,920.0,0.005,82.0,34.2,13.6,9.8,1.4,0.8,0.5,0.548,0.0,0.706,8.7,0.149
199,Clyde Drexler,1989-90,22.2,0.551,25.5,7.3,6.3,0.7195121951219512,0.0,3.0,920.0,0.003,73.0,36.8,23.3,6.9,5.9,2.0,0.7,0.494,0.283,0.774,11.6,0.208
200,Joe Dumars,1989-90,17.2,0.555,22.5,2.2,2.7,0.7195121951219512,0.0,1.0,920.0,0.001,75.0,34.4,17.8,2.8,4.9,0.8,0.0,0.48,0.4,0.9,8.7,0.162
201,Isiah Thomas,1989-90,17.3,0.501,26.0,2.9,3.7,0.7195121951219512,0.0,1.0,920.0,0.001,81.0,37.0,18.4,3.8,9.4,1.7,0.2,0.438,0.309,0.775,6.7,0.107
202,Michael Jordan,1990-91,31.6,0.605,32.9,12.0,10.8,0.7439024390243902,77.0,891.0,960.0,0.928,82.0,37.0,31.5,6.0,5.5,2.7,1.0,0.539,0.312,0.851,20.3,0.321
203,Magic Johnson,1990-91,25.1,0.623,22.9,9.0,8.1,0.7073170731707317,10.0,497.0,960.0,0.518,79.0,37.1,19.4,7.0,12.5,1.3,0.2,0.477,0.32,0.906,15.4,0.251
204,David Robinson,1990-91,27.4,0.615,26.6,8.5,8.2,0.6707317073170732,6.0,476.0,960.0,0.496,82.0,37.7,25.6,13.0,2.5,1.5,3.9,0.552,0.143,0.762,17.0,0.264
205,Charles Barkley,1990-91,28.9,0.635,29.1,9.3,7.0,0.5365853658536586,2.0,222.0,960.0,0.231,67.0,37.3,27.6,10.1,4.2,1.6,0.5,0.57,0.284,0.722,13.4,0.258
206,Karl Malone,1990-91,24.8,0.596,30.1,5.4,6.2,0.6585365853658537,0.0,142.0,960.0,0.148,82.0,40.3,29.0,11.8,3.3,1.1,1.0,0.527,0.286,0.77,15.5,0.225
207,Clyde Drexler,1990-91,22.1,0.563,25.7,6.8,6.4,0.7682926829268293,1.0,75.0,960.0,0.078,82.0,34.8,21.5,6.7,6.0,1.8,0.7,0.482,0.319,0.794,12.4,0.209
208,Kevin Johnson,1990-91,23.7,0.604,24.8,6.6,6.0,0.6707317073170732,0.0,32.0,960.0,0.033,77.0,36.0,22.2,3.5,10.1,2.1,0.1,0.516,0.205,0.843,12.7,0.22
209,Dominique Wilkins,1990-91,23.5,0.555,28.1,4.9,5.4,0.524390243902439,0.0,29.0,960.0,0.03,81.0,38.0,25.9,9.0,3.3,1.5,0.8,0.47,0.341,0.829,11.4,0.177
210,Larry Bird,1990-91,19.7,0.53,23.7,4.6,3.8,0.6829268292682927,0.0,25.0,960.0,0.026,60.0,38.0,19.4,8.5,7.2,1.8,1.0,0.454,0.389,0.891,6.6,0.14
211,Terry Porter,1990-91,21.7,0.632,19.6,7.4,6.2,0.7682926829268293,0.0,25.0,960.0,0.026,81.0,32.9,17.0,3.5,8.0,2.0,0.1,0.515,0.415,0.823,13.0,0.235
212,Patrick Ewing,1990-91,23.7,0.561,31.1,4.2,4.9,0.47560975609756095,0.0,20.0,960.0,0.021,81.0,38.3,26.6,11.2,3.0,1.0,3.2,0.514,0.0,0.745,10.0,0.155
213,John Stockton,1990-91,23.4,0.604,20.9,8.3,8.1,0.6585365853658537,0.0,15.0,960.0,0.016,82.0,37.8,17.2,2.9,14.2,2.9,0.2,0.507,0.345,0.836,14.0,0.217
214,Isiah Thomas,1990-91,17.4,0.507,25.2,2.7,2.0,0.6097560975609756,0.0,11.0,960.0,0.011,48.0,34.5,16.2,3.3,9.3,1.6,0.2,0.435,0.292,0.782,3.4,0.098
215,Robert Parish,1990-91,20.6,0.637,19.0,2.2,2.6,0.6829268292682927,0.0,10.0,960.0,0.01,81.0,30.1,14.9,10.6,0.8,0.8,1.3,0.598,0.0,0.767,10.0,0.198
216,Joe Dumars,1990-91,18.0,0.552,24.0,2.7,3.6,0.6097560975609756,0.0,8.0,960.0,0.008,80.0,38.1,20.4,2.3,5.5,1.1,0.1,0.481,0.311,0.89,9.9,0.155
217,Bernard King,1990-91,19.1,0.527,34.4,1.1,1.8,0.36585365853658536,0.0,7.0,960.0,0.007,64.0,37.5,28.4,5.0,4.6,0.9,0.3,0.472,0.216,0.79,3.5,0.07
218,Kenny Smith,1990-91,18.3,0.599,21.2,2.9,3.3,0.6341463414634146,0.0,5.0,960.0,0.005,78.0,34.6,17.7,2.1,7.1,1.4,0.1,0.52,0.363,0.844,9.0,0.161
219,Hakeem Olajuwon,1990-91,24.3,0.549,25.0,6.2,4.3,0.6341463414634146,0.0,4.0,960.0,0.004,56.0,36.8,21.2,13.8,2.3,2.2,3.9,0.508,0.0,0.769,8.6,0.201
220,Tim Hardaway,1990-91,20.9,0.547,24.7,4.4,5.2,0.5365853658536586,0.0,1.0,960.0,0.001,82.0,39.2,22.9,4.0,9.7,2.6,0.1,0.476,0.385,0.803,9.9,0.148
221,Kevin McHale,1990-91,21.2,0.606,23.9,3.1,2.7,0.6829268292682927,0.0,1.0,960.0,0.001,68.0,30.4,18.4,7.1,1.9,0.4,2.1,0.553,0.405,0.829,7.9,0.182
222,Michael Jordan,1991-92,27.7,0.579,31.7,9.7,9.2,0.8170731707317073,80.0,900.0,960.0,0.938,80.0,38.8,30.1,6.4,6.1,2.3,0.9,0.519,0.27,0.832,17.7,0.274
223,Clyde Drexler,1991-92,23.6,0.56,28.7,8.7,7.4,0.6951219512195121,12.0,561.0,960.0,0.584,76.0,36.2,25.0,6.6,6.7,1.8,0.9,0.47,0.337,0.794,12.8,0.223
224,David Robinson,1991-92,27.5,0.597,24.7,9.4,7.4,0.573170731707317,2.0,337.0,960.0,0.351,68.0,37.7,23.2,12.2,2.7,2.3,4.5,0.551,0.125,0.701,13.9,0.26
225,Karl Malone,1991-92,25.4,0.599,30.3,5.7,5.9,0.6707317073170732,1.0,262.0,960.0,0.273,81.0,37.7,28.0,11.2,3.0,1.3,0.6,0.526,0.176,0.778,15.1,0.237
226,Patrick Ewing,1991-92,22.8,0.563,27.2,4.9,5.5,0.6219512195121951,0.0,100.0,960.0,0.104,82.0,38.4,24.0,11.2,1.9,1.1,3.0,0.522,0.167,0.738,13.0,0.198
227,Chris Mullin,1991-92,19.9,0.586,23.6,3.7,4.8,0.6707317073170732,0.0,81.0,960.0,0.084,81.0,41.3,25.6,5.6,3.5,2.1,0.8,0.524,0.366,0.833,10.8,0.155
228,Mark Price,1991-92,22.7,0.61,24.1,5.8,4.2,0.6951219512195121,0.0,66.0,960.0,0.069,72.0,29.7,17.3,2.4,7.4,1.3,0.2,0.488,0.387,0.947,9.1,0.205
229,Tim Hardaway,1991-92,19.1,0.537,24.4,2.8,4.1,0.6707317073170732,0.0,64.0,960.0,0.067,81.0,41.1,23.4,3.8,10.0,2.0,0.2,0.461,0.338,0.766,9.2,0.132
230,Scottie Pippen,1991-92,21.5,0.555,24.6,6.1,6.4,0.8170731707317073,1.0,32.0,960.0,0.033,82.0,38.6,21.0,7.7,7.0,1.9,1.1,0.506,0.2,0.76,12.7,0.192
231,Dennis Rodman,1991-92,17.0,0.574,11.1,2.8,4.0,0.5853658536585366,0.0,26.0,960.0,0.027,82.0,40.3,9.8,18.7,2.3,0.8,0.9,0.539,0.317,0.6,12.6,0.183
232,Brad Daugherty,1991-92,23.0,0.629,23.6,4.8,4.5,0.6951219512195121,0.0,24.0,960.0,0.025,73.0,36.2,21.5,10.4,3.6,0.9,1.1,0.57,0.0,0.777,11.7,0.213
233,Charles Barkley,1991-92,24.5,0.612,25.1,6.3,6.1,0.4268292682926829,0.0,18.0,960.0,0.019,75.0,38.4,23.1,11.1,4.1,1.8,0.6,0.552,0.234,0.695,12.3,0.205
234,John Stockton,1991-92,22.8,0.59,19.9,8.7,8.1,0.6707317073170732,0.0,18.0,960.0,0.019,82.0,36.6,15.8,3.3,13.7,3.0,0.3,0.482,0.407,0.842,13.4,0.215
235,Larry Bird,1991-92,21.0,0.547,24.7,5.5,3.1,0.6219512195121951,0.0,3.0,960.0,0.003,45.0,36.9,20.2,9.6,6.8,0.9,0.7,0.466,0.406,0.926,5.5,0.159
236,Kevin Johnson,1991-92,19.9,0.561,23.6,3.5,4.0,0.6463414634146342,0.0,2.0,960.0,0.002,78.0,37.2,19.7,3.7,10.7,1.5,0.3,0.479,0.217,0.807,10.0,0.165
237,Danny Manning,1991-92,19.7,0.577,23.1,4.3,4.6,0.5487804878048781,0.0,1.0,960.0,0.001,82.0,35.4,19.3,6.9,3.5,1.6,1.5,0.542,0.0,0.725,9.8,0.162
238,Detlef Schrempf,1991-92,19.5,0.617,21.1,3.2,3.3,0.4878048780487805,0.0,1.0,960.0,0.001,80.0,32.6,17.3,9.6,3.9,0.8,0.5,0.536,0.324,0.828,9.8,0.181
239,Charles Barkley,1992-93,25.9,0.596,26.9,7.8,7.1,0.7560975609756098,59.0,835.0,980.0,0.852,76.0,37.6,25.6,12.2,5.1,1.6,1.0,0.52,0.305,0.765,14.4,0.242
240,Hakeem Olajuwon,1992-93,27.3,0.577,28.8,7.5,7.8,0.6707317073170732,22.0,647.0,980.0,0.66,82.0,39.5,26.1,13.0,3.5,1.8,4.2,0.529,0.0,0.779,15.8,0.234
241,Michael Jordan,1992-93,29.7,0.564,34.7,11.2,10.2,0.6951219512195121,13.0,565.0,980.0,0.577,78.0,39.3,32.6,6.7,5.5,2.8,0.8,0.495,0.352,0.837,17.2,0.27
242,Patrick Ewing,1992-93,20.8,0.546,29.7,3.4,4.0,0.7317073170731707,4.0,359.0,980.0,0.366,81.0,37.1,24.2,12.1,1.9,0.9,2.0,0.503,0.143,0.719,10.6,0.17
243,Dominique Wilkins,1992-93,24.3,0.57,31.9,5.4,4.9,0.524390243902439,0.0,54.0,980.0,0.055,71.0,37.3,29.9,6.8,3.2,1.0,0.4,0.468,0.38,0.828,10.5,0.191
244,David Robinson,1992-93,24.2,0.569,26.4,6.4,6.8,0.5975609756097561,0.0,33.0,980.0,0.034,82.0,39.2,23.4,11.7,3.7,1.5,3.2,0.501,0.176,0.732,13.2,0.197
245,Shaquille O'Neal,1992-93,22.9,0.584,27.0,3.5,4.3,0.5,0.0,30.0,980.0,0.031,81.0,37.9,23.4,13.9,1.9,0.7,3.5,0.562,0.0,0.592,10.4,0.163
246,Karl Malone,1992-93,26.2,0.612,28.4,7.3,7.3,0.573170731707317,0.0,10.0,980.0,0.01,82.0,37.8,27.0,11.2,3.8,1.5,1.0,0.552,0.2,0.74,15.4,0.238
247,Mark Price,1992-93,22.1,0.609,24.5,5.3,4.4,0.6585365853658537,0.0,10.0,980.0,0.01,75.0,31.7,18.2,2.7,8.0,1.2,0.1,0.484,0.416,0.948,9.8,0.197
248,Brad Daugherty,1992-93,22.0,0.635,21.1,4.9,4.7,0.6585365853658537,0.0,1.0,980.0,0.001,71.0,37.9,20.2,10.2,4.4,0.7,0.8,0.571,0.5,0.795,12.7,0.226
249,Clyde Drexler,1992-93,20.7,0.517,26.1,5.5,3.2,0.6219512195121951,0.0,1.0,980.0,0.001,49.0,34.1,19.9,6.3,5.7,1.9,0.8,0.429,0.233,0.839,6.0,0.171
250,Joe Dumars,1992-93,17.6,0.555,24.5,2.1,3.2,0.4878048780487805,0.0,1.0,980.0,0.001,77.0,40.2,23.5,1.9,4.0,1.0,0.1,0.466,0.375,0.864,9.1,0.141
251,Shawn Kemp,1992-93,20.4,0.547,24.2,1.9,2.6,0.6707317073170732,0.0,1.0,980.0,0.001,78.0,33.1,17.8,10.7,2.0,1.5,1.9,0.492,0.0,0.712,9.1,0.169
252,John Stockton,1992-93,21.3,0.584,19.9,6.6,6.2,0.573170731707317,0.0,1.0,980.0,0.001,82.0,34.9,15.1,2.9,12.0,2.4,0.3,0.486,0.385,0.798,10.6,0.177
253,Hakeem Olajuwon,1993-94,25.3,0.565,29.8,6.8,7.3,0.7073170731707317,66.0,889.0,1010.0,0.88,80.0,41.0,27.3,11.9,3.6,1.6,3.7,0.528,0.421,0.716,14.3,0.21
254,David Robinson,1993-94,30.7,0.577,32.0,11.9,11.4,0.6707317073170732,24.0,730.0,1010.0,0.723,80.0,40.5,29.8,10.7,4.8,1.7,3.3,0.507,0.345,0.749,20.0,0.296
255,Scottie Pippen,1993-94,23.2,0.544,27.1,7.7,6.8,0.6707317073170732,7.0,390.0,1010.0,0.386,72.0,38.3,22.0,8.7,5.6,2.9,0.8,0.491,0.32,0.66,11.2,0.194
256,Shaquille O'Neal,1993-94,28.5,0.605,29.0,6.8,7.2,0.6097560975609756,3.0,289.0,1010.0,0.286,81.0,39.8,29.3,13.2,2.4,0.9,2.9,0.599,0.0,0.554,16.9,0.252
257,Patrick Ewing,1993-94,22.9,0.551,29.8,5.2,5.5,0.6951219512195121,1.0,255.0,1010.0,0.252,79.0,37.6,24.5,11.2,2.3,1.1,2.7,0.496,0.286,0.765,13.1,0.211
258,Gary Payton,1993-94,17.8,0.526,21.6,3.1,3.7,0.7682926829268293,0.0,20.0,1010.0,0.02,82.0,35.1,16.5,3.3,6.0,2.3,0.2,0.504,0.278,0.595,9.3,0.155
259,Shawn Kemp,1993-94,22.9,0.593,24.2,4.4,4.2,0.7682926829268293,0.0,17.0,1010.0,0.017,79.0,32.9,18.1,10.8,2.6,1.8,2.1,0.538,0.25,0.741,11.7,0.216
260,Karl Malone,1993-94,22.9,0.55,28.0,5.7,6.5,0.6463414634146342,0.0,17.0,1010.0,0.017,82.0,40.6,25.2,11.5,4.0,1.5,1.5,0.497,0.25,0.694,13.4,0.193
261,Mark Price,1993-94,22.7,0.586,24.6,6.4,5.0,0.573170731707317,0.0,7.0,1010.0,0.007,76.0,31.4,17.3,3.0,7.8,1.4,0.1,0.478,0.397,0.888,10.0,0.201
262,Charles Barkley,1993-94,22.8,0.563,26.5,5.2,4.2,0.6829268292682927,0.0,5.0,1010.0,0.005,65.0,35.4,21.6,11.2,4.6,1.6,0.6,0.495,0.27,0.704,8.8,0.185
263,Mookie Blaylock,1993-94,19.6,0.487,19.8,5.7,5.7,0.6951219512195121,0.0,1.0,1010.0,0.001,81.0,36.0,13.8,5.2,9.7,2.6,0.5,0.411,0.334,0.73,10.2,0.168
264,Kevin Johnson,1993-94,20.6,0.566,24.3,3.4,3.4,0.6829268292682927,0.0,1.0,1010.0,0.001,67.0,36.6,20.0,2.5,9.5,1.9,0.1,0.487,0.222,0.819,8.7,0.17
265,Dennis Rodman,1993-94,13.4,0.549,7.1,1.0,2.3,0.6707317073170732,0.0,1.0,1010.0,0.001,79.0,37.8,4.7,17.3,2.3,0.7,0.4,0.534,0.208,0.52,8.7,0.14
266,Latrell Sprewell,1993-94,15.9,0.532,21.5,1.9,3.5,0.6097560975609756,0.0,1.0,1010.0,0.001,82.0,43.1,21.0,4.9,4.7,2.2,0.9,0.433,0.361,0.774,8.0,0.108
267,John Stockton,1993-94,22.5,0.608,19.1,8.0,7.5,0.6463414634146342,0.0,1.0,1010.0,0.001,82.0,36.2,15.1,3.1,12.6,2.4,0.3,0.528,0.322,0.805,13.2,0.214
268,Dominique Wilkins,1993-94,21.8,0.535,31.9,2.2,1.0,0.0,0.0,1.0,1010.0,0.001,74.0,35.6,26.0,6.5,2.3,1.2,0.4,0.44,0.288,0.847,8.4,0.153
269,Kevin Willis,1993-94,19.4,0.538,24.1,0.4,1.7,0.6951219512195121,0.0,1.0,1010.0,0.001,80.0,35.8,19.1,12.0,1.9,1.0,0.5,0.499,0.375,0.713,10.2,0.17
270,David Robinson,1994-95,29.1,0.602,29.9,9.2,8.7,0.7560975609756098,73.0,901.0,1050.0,0.858,81.0,38.0,27.6,10.8,2.9,1.7,3.2,0.53,0.3,0.774,17.5,0.273
271,Shaquille O'Neal,1994-95,28.6,0.588,31.9,5.8,5.7,0.6951219512195121,12.0,605.0,1050.0,0.576,79.0,37.0,29.3,11.4,2.7,0.9,2.4,0.583,0.0,0.533,14.0,0.23
272,Karl Malone,1994-95,25.1,0.59,30.3,5.6,6.0,0.7317073170731707,14.0,532.0,1050.0,0.507,82.0,38.1,26.7,10.6,3.5,1.6,1.0,0.536,0.268,0.742,13.8,0.212
273,Patrick Ewing,1994-95,21.9,0.555,30.7,3.5,4.1,0.6707317073170732,2.0,230.0,1050.0,0.219,79.0,37.0,23.9,11.0,2.7,0.9,2.0,0.503,0.286,0.75,9.6,0.157
274,Hakeem Olajuwon,1994-95,26.0,0.563,31.7,5.4,5.4,0.573170731707317,1.0,147.0,1050.0,0.14,72.0,39.6,27.8,10.8,3.5,1.8,3.4,0.517,0.188,0.756,10.7,0.181
275,Charles Barkley,1994-95,25.2,0.572,27.5,6.3,5.0,0.7195121951219512,1.0,96.0,1050.0,0.091,68.0,35.0,23.0,11.1,4.1,1.6,0.7,0.486,0.338,0.748,10.6,0.214
276,Scottie Pippen,1994-95,22.6,0.559,26.3,7.5,7.2,0.573170731707317,1.0,83.0,1050.0,0.079,79.0,38.2,21.4,8.1,5.2,2.9,1.1,0.48,0.345,0.716,11.8,0.188
277,John Stockton,1994-95,23.3,0.651,18.9,9.0,7.9,0.7317073170731707,1.0,47.0,1050.0,0.045,82.0,35.0,14.7,3.1,12.3,2.4,0.3,0.542,0.449,0.804,13.9,0.233
278,Gary Payton,1994-95,21.3,0.564,24.4,4.9,5.2,0.6951219512195121,0.0,34.0,1050.0,0.032,82.0,36.8,20.6,3.4,7.1,2.5,0.2,0.509,0.302,0.716,11.7,0.187
279,Anfernee Hardaway,1994-95,20.8,0.599,23.7,4.1,4.5,0.6951219512195121,0.0,23.0,1050.0,0.022,77.0,37.7,20.9,4.4,7.2,1.7,0.3,0.512,0.349,0.769,10.7,0.177
280,Michael Jordan,1994-95,22.1,0.493,33.2,4.2,1.1,0.573170731707317,0.0,12.0,1050.0,0.011,17.0,39.3,26.9,6.9,5.3,1.8,0.8,0.411,0.5,0.801,2.3,0.167
281,Dennis Rodman,1994-95,16.6,0.604,10.9,1.8,1.5,0.7560975609756098,0.0,9.0,1050.0,0.009,49.0,32.0,7.1,16.8,2.0,0.6,0.5,0.571,0.0,0.676,5.8,0.178
282,Jason Kidd,1994-95,15.1,0.471,19.0,1.2,2.0,0.43902439024390244,0.0,7.0,1050.0,0.007,79.0,33.8,11.7,5.4,7.7,1.9,0.3,0.385,0.272,0.698,3.7,0.066
283,Clyde Drexler,1994-95,22.1,0.613,24.2,5.0,2.3,0.0,0.0,3.0,1050.0,0.003,76.0,35.9,21.8,6.3,4.8,1.8,0.6,0.461,0.36,0.824,11.7,0.206
284,Cedric Ceballos,1994-95,19.9,0.57,26.5,0.9,1.5,0.5853658536585366,0.0,1.0,1050.0,0.001,58.0,35.0,21.7,8.0,1.8,1.0,0.3,0.509,0.397,0.716,5.2,0.123
285,Michael Jordan,1995-96,29.4,0.582,33.3,10.5,9.8,0.8780487804878049,109.0,1114.0,1130.0,0.986,82.0,37.7,30.4,6.6,4.3,2.2,0.5,0.495,0.427,0.834,20.4,0.317
286,David Robinson,1995-96,29.4,0.589,28.8,8.9,8.3,0.7195121951219512,0.0,574.0,1130.0,0.508,82.0,36.8,25.0,12.2,3.0,1.4,3.3,0.516,0.333,0.761,18.3,0.29
287,Anfernee Hardaway,1995-96,24.6,0.605,25.5,7.2,6.9,0.7317073170731707,2.0,360.0,1130.0,0.319,82.0,36.8,21.7,4.3,7.1,2.0,0.5,0.513,0.314,0.767,14.4,0.229
288,Hakeem Olajuwon,1995-96,25.5,0.558,31.9,4.9,4.9,0.5853658536585366,1.0,238.0,1130.0,0.211,72.0,38.8,26.9,10.9,3.6,1.6,2.9,0.514,0.214,0.724,9.7,0.166
289,Scottie Pippen,1995-96,21.0,0.551,24.4,6.3,5.9,0.8780487804878049,0.0,226.0,1130.0,0.2,77.0,36.7,19.4,6.4,5.9,1.7,0.7,0.463,0.374,0.679,12.3,0.209
290,Gary Payton,1995-96,19.6,0.554,23.6,4.6,5.2,0.7804878048780488,0.0,98.0,1130.0,0.087,81.0,39.0,19.3,4.2,7.5,2.9,0.2,0.484,0.328,0.748,11.5,0.174
291,Karl Malone,1995-96,26.0,0.575,29.8,7.0,7.1,0.6707317073170732,1.0,85.0,1130.0,0.075,82.0,38.0,25.7,9.8,4.2,1.7,0.7,0.519,0.4,0.723,15.1,0.233
292,Shawn Kemp,1995-96,22.6,0.631,26.2,2.8,3.2,0.7804878048780488,0.0,73.0,1130.0,0.065,79.0,33.3,19.6,11.4,2.2,1.2,1.6,0.561,0.417,0.742,11.2,0.205
293,Grant Hill,1995-96,20.9,0.537,25.9,4.8,5.6,0.5609756097560976,0.0,63.0,1130.0,0.056,80.0,40.8,20.2,9.8,6.9,1.3,0.6,0.462,0.192,0.751,11.7,0.172
294,Shaquille O'Neal,1995-96,26.4,0.57,32.8,3.7,2.8,0.7317073170731707,0.0,63.0,1130.0,0.056,54.0,36.0,26.6,11.0,2.9,0.6,2.1,0.573,0.5,0.487,6.9,0.171
295,John Stockton,1995-96,21.9,0.642,18.7,6.8,6.4,0.6707317073170732,0.0,12.0,1130.0,0.011,82.0,35.5,14.7,2.8,11.2,1.7,0.2,0.538,0.422,0.83,13.0,0.214
296,Charles Barkley,1995-96,24.8,0.585,27.5,5.7,5.1,0.5,0.0,8.0,1130.0,0.007,71.0,37.1,23.2,11.6,3.7,1.6,0.8,0.5,0.28,0.777,10.5,0.191
297,Magic Johnson,1995-96,21.1,0.612,22.7,5.2,1.8,0.6463414634146342,0.0,8.0,1130.0,0.007,32.0,29.9,14.6,5.7,6.9,0.8,0.4,0.466,0.379,0.856,3.6,0.181
298,Alonzo Mourning,1995-96,22.7,0.584,28.1,4.2,4.2,0.5121951219512195,0.0,6.0,1130.0,0.005,70.0,38.2,23.2,10.4,2.3,1.0,2.7,0.523,0.3,0.685,9.9,0.178
299,Dennis Rodman,1995-96,13.6,0.501,10.3,0.0,1.1,0.8780487804878049,0.0,4.0,1130.0,0.004,64.0,32.6,5.5,14.9,2.5,0.6,0.4,0.48,0.111,0.528,6.2,0.143
300,Terrell Brandon,1995-96,25.2,0.573,27.6,7.5,6.2,0.573170731707317,0.0,3.0,1130.0,0.003,75.0,34.3,19.3,3.3,6.5,1.8,0.4,0.465,0.387,0.887,12.7,0.237
301,Mitch Richmond,1995-96,19.2,0.591,26.9,3.5,4.1,0.47560975609756095,0.0,3.0,1130.0,0.003,81.0,36.4,23.1,3.3,3.1,1.5,0.2,0.447,0.437,0.866,9.3,0.151
302,Karl Malone,1996-97,28.9,0.6,32.7,8.2,7.7,0.7804878048780488,63.0,986.0,1150.0,0.857,82.0,36.6,27.4,9.9,4.5,1.4,0.6,0.55,0.0,0.755,16.7,0.268
303,Michael Jordan,1996-97,27.8,0.567,33.2,8.9,8.6,0.8414634146341463,52.0,957.0,1150.0,0.832,82.0,37.9,29.6,5.9,4.3,1.7,0.5,0.486,0.374,0.833,18.3,0.283
304,Grant Hill,1996-97,25.5,0.556,28.3,8.2,8.0,0.6585365853658537,0.0,376.0,1150.0,0.327,80.0,39.3,21.4,9.0,7.3,1.8,0.6,0.496,0.303,0.711,14.6,0.223
305,Tim Hardaway,1996-97,20.8,0.532,26.6,6.2,6.5,0.7439024390243902,0.0,238.0,1150.0,0.207,81.0,38.7,20.3,3.4,8.6,1.9,0.1,0.415,0.344,0.799,12.9,0.198
306,Glen Rice,1996-97,19.7,0.605,26.9,1.8,3.2,0.6585365853658537,0.0,134.0,1150.0,0.117,79.0,42.6,26.8,4.0,2.0,0.9,0.3,0.477,0.47,0.867,10.8,0.154
307,Gary Payton,1996-97,21.8,0.545,26.4,5.5,6.1,0.6951219512195121,0.0,105.0,1150.0,0.091,82.0,39.2,21.8,4.6,7.1,2.4,0.2,0.476,0.313,0.715,12.9,0.193
308,Hakeem Olajuwon,1996-97,22.7,0.558,30.4,3.5,4.0,0.6951219512195121,0.0,95.0,1150.0,0.083,78.0,36.6,23.2,9.2,3.0,1.5,2.2,0.51,0.313,0.787,9.1,0.154
309,Patrick Ewing,1996-97,21.3,0.548,29.8,2.8,3.5,0.6951219512195121,0.0,57.0,1150.0,0.05,78.0,37.0,22.4,10.7,2.0,0.9,2.4,0.488,0.222,0.754,9.8,0.163
310,Anthony Mason,1996-97,18.9,0.585,17.6,3.5,4.3,0.6585365853658537,0.0,7.0,1150.0,0.006,73.0,43.1,16.2,11.4,5.7,1.0,0.5,0.525,0.333,0.745,11.4,0.173
311,Shaquille O'Neal,1996-97,27.1,0.556,31.1,6.5,4.1,0.6829268292682927,0.0,7.0,1150.0,0.006,51.0,38.1,26.2,12.5,3.1,0.9,2.9,0.557,0.0,0.484,8.0,0.197
312,Scottie Pippen,1996-97,21.3,0.554,24.6,5.7,6.1,0.8414634146341463,0.0,6.0,1150.0,0.005,82.0,37.7,20.2,6.5,5.7,1.9,0.5,0.474,0.368,0.701,13.1,0.203
313,Alonzo Mourning,1996-97,21.6,0.578,27.5,2.9,2.9,0.7439024390243902,0.0,5.0,1150.0,0.004,66.0,35.2,19.8,9.9,1.6,0.8,2.9,0.534,0.111,0.642,8.4,0.174
314,Dikembe Mutombo,1996-97,19.0,0.584,17.4,2.7,3.5,0.6829268292682927,0.0,4.0,1150.0,0.003,80.0,37.2,13.3,11.6,1.4,0.6,3.3,0.527,0.0,0.705,11.3,0.183
315,Mitch Richmond,1996-97,21.6,0.578,29.4,4.6,5.2,0.4146341463414634,0.0,4.0,1150.0,0.003,81.0,38.6,25.9,3.9,4.2,1.5,0.3,0.454,0.428,0.861,10.8,0.166
316,John Stockton,1996-97,22.1,0.656,18.4,6.6,6.3,0.7804878048780488,0.0,3.0,1150.0,0.003,82.0,35.3,14.4,2.8,10.5,2.0,0.2,0.548,0.422,0.846,13.6,0.226
317,Charles Barkley,1996-97,23.0,0.581,23.2,5.7,3.9,0.6951219512195121,0.0,2.0,1150.0,0.002,53.0,37.9,19.2,13.5,4.7,1.3,0.5,0.484,0.283,0.694,9.4,0.224
318,Tom Gugliotta,1996-97,19.0,0.526,27.5,1.7,2.9,0.4878048780487805,0.0,1.0,1150.0,0.001,81.0,38.7,20.6,8.7,4.1,1.6,1.1,0.442,0.258,0.82,6.7,0.103
319,Allen Iverson,1996-97,18.0,0.513,28.9,0.9,2.2,0.2682926829268293,0.0,1.0,1150.0,0.001,76.0,40.1,23.5,4.1,7.5,2.1,0.3,0.416,0.341,0.702,4.1,0.065
320,Kevin Johnson,1996-97,22.9,0.631,22.6,5.0,4.7,0.4878048780487805,0.0,1.0,1150.0,0.001,70.0,38.0,20.1,3.6,9.3,1.5,0.2,0.496,0.441,0.852,11.7,0.211
321,Steve Smith,1996-97,17.4,0.548,25.0,1.7,2.7,0.6829268292682927,0.0,1.0,1150.0,0.001,72.0,39.1,20.1,3.3,4.2,0.9,0.3,0.429,0.335,0.847,9.1,0.154
322,Michael Jordan,1997-98,25.2,0.533,33.7,6.9,7.1,0.7560975609756098,92.0,1084.0,1160.0,0.934,82.0,38.8,28.7,5.8,3.5,1.7,0.5,0.465,0.238,0.784,15.8,0.238
323,Karl Malone,1997-98,27.9,0.597,31.8,7.3,7.1,0.7560975609756098,20.0,842.0,1160.0,0.726,81.0,37.4,27.0,10.3,3.9,1.2,0.9,0.53,0.333,0.761,16.4,0.259
324,Gary Payton,1997-98,21.6,0.544,24.6,5.1,5.7,0.7439024390243902,3.0,431.0,1160.0,0.372,82.0,38.4,19.2,4.6,8.3,2.3,0.2,0.453,0.338,0.744,12.5,0.19
325,Shaquille O'Neal,1997-98,28.8,0.587,32.9,5.8,4.3,0.7439024390243902,1.0,311.0,1160.0,0.268,60.0,36.3,28.3,11.4,2.4,0.7,2.4,0.584,0.0,0.527,10.2,0.224
326,Tim Duncan,1997-98,22.6,0.577,26.0,4.6,5.4,0.6829268292682927,0.0,148.0,1160.0,0.128,82.0,39.1,21.1,11.9,2.7,0.7,2.5,0.549,0.0,0.662,12.8,0.192
327,Tim Hardaway,1997-98,20.6,0.53,25.6,5.2,5.5,0.6707317073170732,0.0,71.0,1160.0,0.061,81.0,37.4,18.9,3.7,8.3,1.7,0.2,0.431,0.351,0.781,11.7,0.185
328,David Robinson,1997-98,27.8,0.581,29.7,8.3,6.3,0.6829268292682927,0.0,36.0,1160.0,0.031,73.0,33.7,21.6,10.6,2.7,0.9,2.6,0.511,0.25,0.735,13.8,0.269
329,Vin Baker,1997-98,20.4,0.564,24.7,1.0,2.2,0.7439024390243902,0.0,24.0,1160.0,0.021,82.0,35.9,19.2,8.0,1.9,1.1,1.0,0.542,0.143,0.591,10.4,0.169
330,Grant Hill,1997-98,21.2,0.52,27.3,4.7,5.6,0.45121951219512196,0.0,23.0,1160.0,0.02,81.0,40.7,21.1,7.7,6.8,1.8,0.7,0.452,0.143,0.74,10.2,0.149
331,Scottie Pippen,1997-98,20.4,0.533,24.4,5.0,2.9,0.7560975609756098,0.0,14.0,1160.0,0.012,44.0,37.5,19.1,5.2,5.8,1.8,1.0,0.447,0.318,0.777,6.6,0.193
332,Glen Rice,1997-98,17.4,0.568,25.1,0.9,2.4,0.6219512195121951,0.0,7.0,1160.0,0.006,82.0,40.2,22.3,4.3,2.2,0.9,0.3,0.457,0.433,0.849,9.3,0.136
333,Antoine Walker,1997-98,17.8,0.481,29.2,0.6,2.2,0.43902439024390244,0.0,6.0,1160.0,0.005,82.0,39.9,22.4,10.2,3.3,1.7,0.7,0.423,0.312,0.645,4.7,0.07
334,Jason Kidd,1997-98,16.4,0.502,17.6,3.1,4.0,0.6829268292682927,0.0,5.0,1160.0,0.004,82.0,38.0,11.6,6.2,9.1,2.0,0.3,0.416,0.313,0.799,8.0,0.123
335,John Stockton,1997-98,21.8,0.628,19.3,5.6,3.6,0.7560975609756098,0.0,5.0,1160.0,0.004,64.0,29.0,12.0,2.6,8.5,1.4,0.2,0.528,0.429,0.827,8.0,0.206
336,Mitch Richmond,1997-98,20.4,0.569,27.8,3.6,3.7,0.32926829268292684,0.0,3.0,1160.0,0.003,70.0,36.7,23.2,3.3,4.0,1.3,0.2,0.445,0.389,0.864,7.9,0.148
337,Reggie Miller,1997-98,19.8,0.619,23.9,4.8,4.8,0.7073170731707317,0.0,2.0,1160.0,0.002,81.0,34.5,19.5,2.9,2.1,1.0,0.1,0.477,0.429,0.868,12.0,0.206
338,Rik Smits,1997-98,19.9,0.532,29.2,0.9,1.6,0.7073170731707317,0.0,2.0,1160.0,0.002,73.0,28.6,16.7,6.9,1.4,0.5,1.2,0.495,0.0,0.783,6.1,0.141
339,Michael Finley,1997-98,19.3,0.522,25.7,2.5,3.8,0.24390243902439024,0.0,1.0,1160.0,0.001,82.0,41.4,21.5,5.3,4.9,1.6,0.4,0.449,0.357,0.784,7.5,0.106
340,Rod Strickland,1997-98,19.6,0.501,23.7,2.9,3.7,0.5121951219512195,0.0,1.0,1160.0,0.001,76.0,39.7,17.8,5.3,10.5,1.7,0.3,0.434,0.25,0.726,8.1,0.129
341,Karl Malone,1998-99,25.6,0.577,30.5,6.7,4.0,0.74,44.0,827.0,1180.0,0.701,49.0,37.4,23.8,9.4,4.1,1.3,0.6,0.493,0.0,0.788,9.6,0.252
342,Alonzo Mourning,1998-99,24.6,0.563,27.1,4.9,3.1,0.66,36.0,773.0,1180.0,0.655,46.0,38.1,20.1,11.0,1.6,0.7,3.9,0.511,0.0,0.652,7.9,0.216
343,Tim Duncan,1998-99,23.2,0.541,27.2,4.5,3.2,0.74,30.0,740.0,1180.0,0.627,50.0,39.3,21.7,11.4,2.4,0.9,2.5,0.495,0.143,0.69,8.7,0.213
344,Allen Iverson,1998-99,22.2,0.508,32.6,5.7,3.9,0.56,5.0,319.0,1180.0,0.27,48.0,41.5,26.8,4.9,4.6,2.3,0.1,0.412,0.291,0.751,7.2,0.173
345,Jason Kidd,1998-99,22.5,0.527,21.4,5.5,3.9,0.54,2.0,159.0,1180.0,0.135,50.0,41.2,16.9,6.8,10.8,2.3,0.4,0.444,0.366,0.757,8.1,0.188
346,Shaquille O'Neal,1998-99,30.6,0.584,32.4,7.1,3.9,0.62,1.0,89.0,1180.0,0.075,49.0,34.8,26.3,10.7,2.3,0.7,1.7,0.576,0.0,0.54,9.0,0.255
347,Chris Webber,1998-99,19.5,0.491,24.9,1.9,1.7,0.54,0.0,51.0,1180.0,0.043,42.0,40.9,20.0,13.0,4.1,1.4,2.1,0.486,0.118,0.454,3.6,0.102
348,Grant Hill,1998-99,23.9,0.543,29.6,6.2,3.8,0.58,0.0,39.0,1180.0,0.033,50.0,37.0,21.1,7.1,6.0,1.6,0.5,0.479,0.0,0.752,7.3,0.189
349,Gary Payton,1998-99,23.1,0.519,27.1,5.1,3.6,0.5,0.0,35.0,1180.0,0.03,50.0,40.2,21.7,4.9,8.7,2.2,0.2,0.434,0.295,0.721,7.2,0.172
350,Kevin Garnett,1998-99,22.4,0.493,27.8,5.3,3.3,0.5,0.0,9.0,1180.0,0.008,47.0,37.9,20.8,10.4,4.3,1.7,1.8,0.46,0.286,0.704,5.4,0.146
351,Shawn Kemp,1998-99,23.6,0.578,28.9,4.2,2.3,0.44,0.0,7.0,1180.0,0.006,42.0,35.1,20.5,9.2,2.4,1.1,1.1,0.482,0.5,0.789,6.3,0.205
352,David Robinson,1998-99,24.9,0.564,23.8,6.7,3.4,0.74,0.0,6.0,1180.0,0.005,49.0,31.7,15.8,10.0,2.1,1.4,2.4,0.509,0.0,0.658,8.4,0.261
353,Hakeem Olajuwon,1998-99,23.1,0.559,25.9,3.2,2.3,0.62,0.0,3.0,1180.0,0.003,50.0,35.7,18.9,9.6,1.8,1.6,2.5,0.514,0.308,0.717,6.5,0.175
354,Arvydas Sabonis,1998-99,20.4,0.546,21.7,4.2,2.1,0.7,0.0,3.0,1180.0,0.003,50.0,27.0,12.1,7.9,2.4,0.7,1.3,0.485,0.292,0.771,5.8,0.207
355,Darrell Armstrong,1998-99,22.2,0.575,22.9,6.7,3.3,0.66,0.0,2.0,1180.0,0.002,50.0,30.0,13.8,3.6,6.7,2.2,0.1,0.441,0.365,0.904,6.4,0.205
356,Vince Carter,1998-99,19.6,0.516,25.6,2.8,2.1,0.46,0.0,1.0,1180.0,0.001,50.0,35.2,18.3,5.7,3.0,1.1,1.5,0.45,0.288,0.761,5.0,0.136
357,Anfernee Hardaway,1998-99,16.7,0.488,22.4,2.8,2.3,0.66,0.0,1.0,1180.0,0.001,50.0,38.9,15.8,5.7,5.3,2.2,0.5,0.42,0.286,0.706,5.0,0.122
358,Mark Jackson,1998-99,17.9,0.513,16.0,3.0,1.8,0.66,0.0,1.0,1180.0,0.001,49.0,28.2,7.6,3.8,7.9,0.9,0.1,0.419,0.311,0.823,3.8,0.134
359,Glenn Robinson,1998-99,19.7,0.523,28.2,1.9,1.5,0.56,0.0,1.0,1180.0,0.001,47.0,33.6,18.4,5.9,2.1,1.0,0.9,0.459,0.392,0.87,4.0,0.122
360,Steve Smith,1998-99,17.9,0.526,26.4,3.1,1.7,0.62,0.0,1.0,1180.0,0.001,36.0,36.5,18.7,4.2,3.3,1.0,0.3,0.402,0.338,0.849,4.4,0.162
361,Rasheed Wallace,1998-99,16.7,0.566,20.5,2.0,1.4,0.7,0.0,1.0,1180.0,0.001,49.0,28.9,12.8,4.9,1.2,1.0,1.1,0.508,0.419,0.732,5.0,0.169
362,Shaquille O'Neal,1999-00,30.6,0.578,31.2,9.3,9.0,0.8170731707317073,120.0,1207.0,1210.0,0.998,79.0,40.0,29.7,13.6,3.8,0.5,3.0,0.574,0.0,0.524,18.6,0.283
363,Kevin Garnett,1999-00,23.6,0.545,27.4,6.3,6.8,0.6097560975609756,0.0,408.0,1210.0,0.337,81.0,40.0,22.9,11.8,5.0,1.5,1.6,0.497,0.37,0.765,11.6,0.172
364,Alonzo Mourning,1999-00,25.8,0.596,28.1,5.3,5.0,0.6341463414634146,0.0,367.0,1210.0,0.303,79.0,34.8,21.7,9.5,1.6,0.5,3.7,0.551,0.0,0.711,12.9,0.226
365,Karl Malone,1999-00,27.1,0.582,31.9,7.5,7.1,0.6707317073170732,0.0,312.0,1210.0,0.258,82.0,35.9,25.5,9.5,3.7,1.0,0.9,0.509,0.25,0.797,15.3,0.249
366,Tim Duncan,1999-00,24.8,0.555,28.7,5.6,5.5,0.6463414634146342,0.0,248.0,1210.0,0.205,74.0,38.9,23.2,12.4,3.2,0.9,2.2,0.49,0.091,0.761,13.0,0.218
367,Gary Payton,1999-00,23.6,0.535,26.8,6.4,7.3,0.5487804878048781,0.0,180.0,1210.0,0.149,82.0,41.8,24.2,6.5,8.9,1.9,0.2,0.448,0.34,0.735,13.9,0.195
368,Allen Iverson,1999-00,20.0,0.496,34.4,3.2,3.8,0.5975609756097561,1.0,132.0,1210.0,0.109,70.0,40.8,28.4,3.8,4.7,2.1,0.1,0.421,0.341,0.713,6.9,0.116
369,Grant Hill,1999-00,24.5,0.565,30.5,5.4,5.2,0.5121951219512195,0.0,113.0,1210.0,0.093,74.0,37.5,25.8,6.6,5.2,1.4,0.6,0.489,0.347,0.795,10.7,0.185
370,Chris Webber,1999-00,23.4,0.53,28.2,5.7,5.6,0.5365853658536586,0.0,96.0,1210.0,0.079,75.0,38.4,24.5,10.5,4.6,1.6,1.7,0.483,0.284,0.751,10.7,0.179
371,Vince Carter,1999-00,23.4,0.543,30.0,5.5,5.9,0.5487804878048781,0.0,51.0,1210.0,0.042,82.0,38.1,25.7,5.8,3.9,1.3,1.1,0.465,0.403,0.791,11.8,0.182
372,Jason Kidd,1999-00,18.4,0.498,20.0,4.3,4.2,0.6463414634146342,0.0,25.0,1210.0,0.021,67.0,39.0,14.3,7.2,10.1,2.0,0.4,0.409,0.337,0.829,8.5,0.156
373,Kobe Bryant,1999-00,21.7,0.546,26.8,5.1,4.5,0.8170731707317073,0.0,3.0,1210.0,0.002,66.0,38.2,22.5,6.3,4.9,1.6,0.9,0.468,0.319,0.821,10.6,0.202
374,Darrell Armstrong,1999-00,19.5,0.542,23.9,4.5,4.3,0.5,0.0,1.0,1210.0,0.001,82.0,31.6,16.2,3.3,6.1,2.1,0.1,0.433,0.34,0.911,8.0,0.149
375,Michael Finley,1999-00,19.2,0.522,25.1,2.1,3.6,0.4878048780487805,0.0,1.0,1210.0,0.001,82.0,42.2,22.6,6.3,5.3,1.3,0.4,0.457,0.401,0.82,8.3,0.114
376,Reggie Miller,1999-00,17.3,0.603,20.5,2.7,3.6,0.6829268292682927,0.0,1.0,1210.0,0.001,81.0,36.9,18.1,3.0,2.3,1.0,0.3,0.448,0.408,0.919,10.1,0.162
377,Jalen Rose,1999-00,16.7,0.547,23.2,1.4,2.5,0.6829268292682927,0.0,1.0,1210.0,0.001,80.0,37.2,18.2,4.8,4.0,1.1,0.6,0.471,0.393,0.827,7.3,0.118
378,Allen Iverson,2000-01,24.0,0.518,35.9,6.1,6.1,0.6829268292682927,93.0,1121.0,1240.0,0.904,71.0,42.0,31.1,3.8,4.6,2.5,0.3,0.42,0.32,0.814,11.8,0.19
379,Tim Duncan,2000-01,23.8,0.536,28.7,4.7,5.4,0.7073170731707317,18.0,706.0,1240.0,0.569,82.0,38.7,22.2,12.2,3.0,0.9,2.3,0.499,0.259,0.618,13.2,0.2
380,Shaquille O'Neal,2000-01,30.2,0.574,31.6,7.7,7.1,0.6829268292682927,7.0,578.0,1240.0,0.466,74.0,39.5,28.7,12.7,3.7,0.6,2.8,0.572,0.0,0.513,14.9,0.245
381,Chris Webber,2000-01,24.7,0.516,31.6,5.5,5.3,0.6707317073170732,5.0,521.0,1240.0,0.42,70.0,40.5,27.1,11.1,4.2,1.3,1.7,0.481,0.071,0.703,11.0,0.186
382,Kevin Garnett,2000-01,23.9,0.531,27.0,6.0,6.4,0.573170731707317,1.0,151.0,1240.0,0.122,81.0,39.5,22.0,11.4,5.0,1.4,1.8,0.477,0.288,0.764,11.8,0.176
383,Tracy McGrady,2000-01,24.9,0.521,31.2,7.0,7.0,0.524390243902439,0.0,64.0,1240.0,0.052,77.0,40.1,26.8,7.5,4.6,1.5,1.5,0.457,0.355,0.733,12.2,0.189
384,Karl Malone,2000-01,24.7,0.572,30.0,6.6,6.3,0.6463414634146342,0.0,21.0,1240.0,0.017,81.0,35.7,23.2,8.3,4.5,1.1,0.8,0.498,0.4,0.793,13.1,0.217
385,Jason Kidd,2000-01,19.4,0.51,22.7,4.2,4.8,0.6219512195121951,0.0,18.0,1240.0,0.015,77.0,39.8,16.9,6.4,9.8,2.2,0.3,0.411,0.297,0.814,9.6,0.15
386,Kobe Bryant,2000-01,24.5,0.552,31.8,4.8,4.7,0.6829268292682927,0.0,11.0,1240.0,0.009,68.0,40.9,28.5,5.9,5.0,1.7,0.6,0.464,0.305,0.853,11.3,0.196
387,David Robinson,2000-01,23.7,0.559,22.8,5.2,4.3,0.7073170731707317,0.0,8.0,1240.0,0.006,80.0,29.6,14.4,8.6,1.5,1.0,2.5,0.486,0.0,0.747,12.1,0.246
388,Ray Allen,2000-01,22.9,0.61,24.4,5.5,5.9,0.6341463414634146,0.0,7.0,1240.0,0.006,82.0,38.2,22.0,5.2,4.6,1.5,0.2,0.48,0.433,0.888,13.7,0.211
389,Vince Carter,2000-01,25.0,0.551,30.7,7.6,7.2,0.573170731707317,0.0,7.0,1240.0,0.006,75.0,39.7,27.6,5.5,3.9,1.5,1.1,0.46,0.408,0.765,12.9,0.208
390,Paul Pierce,2000-01,22.3,0.563,30.6,4.4,5.0,0.43902439024390244,0.0,5.0,1240.0,0.004,82.0,38.0,25.3,6.4,3.1,1.7,0.8,0.454,0.383,0.745,10.4,0.16
391,Jerry Stackhouse,2000-01,21.8,0.521,35.2,5.1,5.8,0.3902439024390244,0.0,3.0,1240.0,0.002,80.0,40.2,29.8,3.9,5.1,1.2,0.7,0.402,0.351,0.822,9.2,0.137
392,Michael Finley,2000-01,18.2,0.521,24.9,1.9,3.4,0.6463414634146342,0.0,1.0,1240.0,0.001,82.0,42.0,21.5,5.2,4.4,1.4,0.4,0.458,0.346,0.775,8.5,0.119
393,Anthony Mason,2000-01,17.4,0.555,20.0,1.9,3.2,0.6097560975609756,0.0,1.0,1240.0,0.001,80.0,40.7,16.1,9.6,3.1,1.0,0.3,0.482,0.0,0.781,11.6,0.171
394,John Stockton,2000-01,22.3,0.61,18.8,6.7,5.3,0.6463414634146342,0.0,1.0,1240.0,0.001,82.0,29.2,11.5,2.8,8.7,1.6,0.3,0.504,0.462,0.817,10.8,0.216
395,Tim Duncan,2001-02,27.0,0.576,29.0,7.6,8.0,0.7073170731707317,57.0,954.0,1260.0,0.757,82.0,40.6,25.5,12.7,3.7,0.7,2.5,0.508,0.1,0.799,17.8,0.257
396,Jason Kidd,2001-02,19.1,0.484,22.5,4.5,5.0,0.6341463414634146,45.0,897.0,1260.0,0.712,82.0,37.3,14.7,7.3,9.9,2.1,0.2,0.391,0.321,0.814,8.9,0.14
397,Shaquille O'Neal,2001-02,29.7,0.59,31.8,8.0,6.1,0.7073170731707317,15.0,696.0,1260.0,0.552,67.0,36.1,27.2,10.7,3.0,0.6,2.0,0.579,0.0,0.555,13.2,0.262
398,Tracy McGrady,2001-02,25.1,0.532,31.1,6.8,6.4,0.5365853658536586,7.0,390.0,1260.0,0.31,76.0,38.3,25.6,7.9,5.3,1.6,1.0,0.451,0.364,0.748,11.5,0.189
399,Kobe Bryant,2001-02,23.2,0.544,30.4,4.6,5.2,0.7073170731707317,1.0,98.0,1260.0,0.078,80.0,38.3,25.2,5.5,5.5,1.5,0.4,0.469,0.25,0.829,12.7,0.199
400,Gary Payton,2001-02,22.9,0.526,27.2,5.1,5.9,0.5487804878048781,1.0,54.0,1260.0,0.043,82.0,40.3,22.1,4.8,9.0,1.6,0.3,0.467,0.314,0.797,12.6,0.183
401,Chris Webber,2001-02,24.4,0.54,29.0,5.4,3.9,0.7439024390243902,0.0,37.0,1260.0,0.029,54.0,38.4,24.5,10.1,4.8,1.7,1.4,0.495,0.263,0.749,8.6,0.2
402,Dirk Nowitzki,2001-02,24.1,0.599,25.5,5.5,5.5,0.6951219512195121,0.0,31.0,1260.0,0.025,76.0,38.0,23.4,9.9,2.4,1.1,1.0,0.477,0.397,0.853,13.4,0.222
403,Allen Iverson,2001-02,21.9,0.489,37.8,4.8,4.5,0.524390243902439,0.0,29.0,1260.0,0.023,60.0,43.7,31.4,4.5,5.5,2.8,0.2,0.398,0.291,0.812,6.9,0.126
404,Ben Wallace,2001-02,18.6,0.522,10.5,4.5,4.8,0.6097560975609756,0.0,24.0,1260.0,0.019,80.0,36.5,7.6,13.0,1.4,1.7,3.5,0.531,0.0,0.423,11.6,0.19
405,Paul Pierce,2001-02,22.3,0.57,29.3,5.9,6.6,0.5975609756097561,0.0,22.0,1260.0,0.017,82.0,40.3,26.1,6.9,3.2,1.9,1.0,0.442,0.404,0.809,12.9,0.187
406,Kevin Garnett,2001-02,23.8,0.536,26.0,6.8,7.1,0.6097560975609756,0.0,17.0,1260.0,0.013,81.0,39.2,21.2,12.1,5.2,1.2,1.6,0.47,0.319,0.801,12.8,0.194
407,Michael Jordan,2001-02,20.7,0.468,36.0,3.1,2.7,0.45121951219512196,0.0,16.0,1260.0,0.013,60.0,34.9,22.9,5.7,5.2,1.4,0.4,0.416,0.189,0.79,3.3,0.075
408,Steve Nash,2001-02,20.7,0.602,23.0,3.1,3.6,0.6951219512195121,0.0,5.0,1260.0,0.004,82.0,34.6,17.9,3.1,7.7,0.6,0.0,0.483,0.455,0.887,9.9,0.167
409,Jerry Stackhouse,2001-02,19.0,0.518,32.3,1.5,2.4,0.6097560975609756,0.0,3.0,1260.0,0.002,76.0,35.3,21.4,4.1,5.3,1.0,0.5,0.397,0.287,0.858,5.8,0.104
410,Mike Bibby,2001-02,14.9,0.513,19.7,0.4,1.6,0.7439024390243902,0.0,1.0,1260.0,0.001,80.0,33.2,13.7,2.8,5.0,1.1,0.2,0.453,0.37,0.803,6.3,0.113
411,Elton Brand,2001-02,23.6,0.586,21.1,4.3,4.8,0.47560975609756095,0.0,1.0,1260.0,0.001,80.0,37.8,18.2,11.6,2.4,1.0,2.0,0.527,0.0,0.742,13.6,0.216
412,Peja Stojakovi,2001-02,19.3,0.592,23.2,3.0,3.3,0.7439024390243902,0.0,1.0,1260.0,0.001,71.0,37.3,21.2,5.3,2.5,1.1,0.2,0.484,0.416,0.876,9.9,0.179
413,Tim Duncan,2002-03,26.9,0.564,28.0,7.6,7.7,0.7317073170731707,60.0,962.0,1190.0,0.808,81.0,39.3,23.3,12.9,3.9,0.7,2.9,0.513,0.273,0.71,16.5,0.248
414,Kevin Garnett,2002-03,26.4,0.553,26.4,8.4,8.7,0.6219512195121951,43.0,871.0,1190.0,0.732,82.0,40.5,23.0,13.4,6.0,1.4,1.6,0.502,0.282,0.751,15.6,0.225
415,Kobe Bryant,2002-03,26.2,0.55,32.9,7.1,7.7,0.6097560975609756,8.0,496.0,1190.0,0.417,82.0,41.5,30.0,6.9,5.9,2.2,0.8,0.451,0.383,0.843,14.9,0.21
416,Tracy McGrady,2002-03,30.3,0.564,35.2,10.5,9.3,0.5121951219512195,4.0,427.0,1190.0,0.359,75.0,39.4,32.1,6.5,5.5,1.7,0.8,0.457,0.386,0.793,16.1,0.262
417,Shaquille O'Neal,2002-03,29.5,0.602,30.2,6.5,5.5,0.6097560975609756,3.0,126.0,1190.0,0.106,67.0,37.8,27.5,11.1,3.1,0.6,2.4,0.574,0.0,0.622,13.2,0.25
418,Allen Iverson,2002-03,21.2,0.5,32.9,3.5,4.8,0.5853658536585366,0.0,83.0,1190.0,0.07,82.0,42.5,27.6,4.2,5.5,2.7,0.2,0.414,0.277,0.774,9.2,0.127
419,Dirk Nowitzki,2002-03,25.6,0.581,27.4,7.2,7.3,0.7317073170731707,0.0,43.0,1190.0,0.036,80.0,39.0,25.1,9.9,3.0,1.4,1.0,0.463,0.379,0.881,16.1,0.249
420,Ben Wallace,2002-03,17.2,0.486,10.2,3.9,4.3,0.6097560975609756,1.0,33.0,1190.0,0.028,73.0,39.4,6.9,15.4,1.6,1.4,3.2,0.481,0.167,0.45,10.6,0.176
421,Jason Kidd,2002-03,22.2,0.526,25.9,6.6,6.5,0.5975609756097561,0.0,31.0,1190.0,0.026,80.0,37.4,18.7,6.3,8.9,2.2,0.3,0.414,0.341,0.841,11.3,0.182
422,Chris Webber,2002-03,20.9,0.485,30.4,3.5,3.6,0.7195121951219512,0.0,19.0,1190.0,0.016,67.0,39.1,23.0,10.5,5.4,1.6,1.3,0.461,0.238,0.607,6.9,0.127
423,Jamal Mashburn,2002-03,18.0,0.507,27.1,2.2,3.5,0.573170731707317,0.0,1.0,1190.0,0.001,82.0,40.5,21.6,6.1,5.6,1.0,0.2,0.422,0.389,0.848,9.0,0.13
424,Steve Nash,2002-03,22.6,0.576,24.4,4.6,4.5,0.7317073170731707,0.0,1.0,1190.0,0.001,82.0,33.1,17.7,2.9,7.3,1.0,0.1,0.465,0.413,0.909,11.6,0.206
425,Paul Pierce,2002-03,22.7,0.532,33.2,4.9,5.4,0.5365853658536586,0.0,1.0,1190.0,0.001,79.0,39.2,25.9,7.3,4.4,1.8,0.8,0.416,0.302,0.802,10.1,0.157
426,Kevin Garnett,2003-04,29.4,0.547,29.6,10.2,10.0,0.7073170731707317,120.0,1219.0,1230.0,0.991,82.0,39.4,24.2,13.9,5.0,1.5,2.2,0.499,0.256,0.791,18.3,0.272
427,Tim Duncan,2003-04,27.1,0.534,29.7,8.5,6.7,0.6951219512195121,0.0,716.0,1230.0,0.582,69.0,36.6,22.3,12.4,3.1,0.9,2.7,0.501,0.167,0.599,13.1,0.249
428,Jermaine O'Neal,2003-04,21.1,0.489,30.2,2.4,3.1,0.7439024390243902,2.0,523.0,1230.0,0.425,78.0,35.7,20.1,10.0,2.1,0.8,2.6,0.434,0.111,0.757,9.0,0.155
429,Peja Stojakovi,2003-04,21.8,0.624,23.9,3.9,4.9,0.6707317073170732,1.0,281.0,1230.0,0.228,81.0,40.3,24.2,6.3,2.1,1.3,0.2,0.48,0.433,0.927,13.5,0.198
430,Kobe Bryant,2003-04,23.7,0.551,29.1,5.6,4.7,0.6829268292682927,0.0,212.0,1230.0,0.172,65.0,37.6,24.0,5.5,5.1,1.7,0.4,0.438,0.327,0.852,10.7,0.21
431,Shaquille O'Neal,2003-04,24.4,0.578,26.3,4.8,4.1,0.6829268292682927,0.0,178.0,1230.0,0.145,67.0,36.8,21.5,11.5,2.9,0.5,2.5,0.584,0.0,0.49,9.9,0.192
432,Ben Wallace,2003-04,17.3,0.441,15.3,3.5,4.3,0.6585365853658537,0.0,24.0,1230.0,0.02,81.0,37.7,9.5,12.4,1.7,1.8,3.0,0.421,0.125,0.49,10.2,0.16
433,Jason Kidd,2003-04,19.7,0.485,24.6,4.7,4.2,0.573170731707317,0.0,17.0,1230.0,0.014,67.0,36.6,15.5,6.4,9.2,1.8,0.2,0.384,0.321,0.827,7.2,0.141
434,LeBron James,2003-04,18.3,0.488,28.2,1.7,2.9,0.4268292682926829,0.0,11.0,1230.0,0.009,79.0,39.5,20.9,5.5,5.9,1.6,0.7,0.417,0.29,0.754,5.1,0.078
435,Sam Cassell,2003-04,22.8,0.566,27.2,4.4,4.6,0.7073170731707317,0.0,4.0,1230.0,0.003,81.0,35.0,19.8,3.3,7.3,1.3,0.2,0.488,0.398,0.873,12.1,0.205
436,Baron Davis,2003-04,20.7,0.492,30.1,5.2,4.8,0.5,0.0,4.0,1230.0,0.003,67.0,40.1,22.9,4.3,7.5,2.4,0.4,0.395,0.321,0.673,7.5,0.133
437,Dirk Nowitzki,2003-04,22.5,0.561,24.5,3.8,4.3,0.6341463414634146,0.0,4.0,1230.0,0.003,77.0,37.9,21.8,8.7,2.7,1.2,1.4,0.462,0.341,0.877,11.5,0.19
438,Andrei Kirilenko,2003-04,22.6,0.559,21.9,7.9,7.2,0.5121951219512195,0.0,2.0,1230.0,0.002,78.0,37.1,16.5,8.1,3.1,1.9,2.8,0.443,0.338,0.79,11.6,0.192
439,Carmelo Anthony,2003-04,17.6,0.509,28.5,0.0,1.5,0.524390243902439,0.0,1.0,1230.0,0.001,82.0,36.5,21.0,6.1,2.8,1.2,0.5,0.426,0.322,0.777,6.1,0.098
440,Yao Ming,2003-04,21.9,0.586,25.3,2.8,3.2,0.5487804878048781,0.0,1.0,1230.0,0.001,82.0,32.8,17.5,9.0,1.5,0.3,1.9,0.522,0.0,0.809,11.4,0.202
441,Michael Redd,2003-04,19.9,0.544,26.3,2.5,3.5,0.5,0.0,1.0,1230.0,0.001,82.0,36.8,21.7,5.0,2.3,1.0,0.1,0.44,0.35,0.868,9.7,0.154
442,Steve Nash,2004-05,22.0,0.606,20.5,4.7,4.4,0.7560975609756098,65.0,1066.0,1270.0,0.839,75.0,34.3,15.5,3.3,11.5,1.0,0.1,0.502,0.431,0.887,10.9,0.203
443,Shaquille O'Neal,2004-05,27.0,0.583,30.5,5.3,4.6,0.7195121951219512,58.0,1032.0,1270.0,0.813,73.0,34.1,22.9,10.4,2.7,0.5,2.3,0.601,0.0,0.461,11.0,0.211
444,Dirk Nowitzki,2004-05,26.1,0.578,28.7,7.3,7.1,0.7073170731707317,0.0,349.0,1270.0,0.275,78.0,38.7,26.1,9.7,3.1,1.2,1.5,0.459,0.399,0.869,15.6,0.248
445,Tim Duncan,2004-05,27.0,0.54,28.9,7.6,5.4,0.7195121951219512,1.0,328.0,1270.0,0.258,66.0,33.4,20.3,11.1,2.7,0.7,2.6,0.496,0.333,0.67,11.2,0.245
446,Allen Iverson,2004-05,23.2,0.532,35.0,4.2,5.0,0.524390243902439,2.0,240.0,1270.0,0.189,75.0,42.3,30.7,4.0,7.9,2.4,0.1,0.424,0.308,0.835,9.0,0.136
447,LeBron James,2004-05,25.7,0.554,29.7,8.6,9.1,0.5121951219512195,0.0,93.0,1270.0,0.073,80.0,42.4,27.2,7.4,7.2,2.2,0.7,0.472,0.351,0.75,14.3,0.203
448,Tracy McGrady,2004-05,22.9,0.526,31.2,6.7,6.9,0.6219512195121951,0.0,44.0,1270.0,0.035,78.0,40.8,25.7,6.2,5.7,1.7,0.7,0.431,0.326,0.774,12.0,0.18
449,Dwyane Wade,2004-05,23.1,0.561,30.9,4.6,4.9,0.7195121951219512,0.0,43.0,1270.0,0.034,77.0,38.6,24.1,5.2,6.8,1.6,1.1,0.478,0.289,0.762,11.0,0.177
450,Amar'e Stoudemire,2004-05,26.6,0.617,28.3,4.4,4.7,0.7560975609756098,1.0,41.0,1270.0,0.032,80.0,36.1,26.0,8.9,1.6,1.0,1.6,0.559,0.188,0.733,14.6,0.243
451,Ray Allen,2004-05,20.9,0.555,28.0,4.1,4.8,0.6341463414634146,0.0,41.0,1270.0,0.032,78.0,39.3,23.9,4.4,3.7,1.1,0.1,0.428,0.376,0.883,10.7,0.168
452,Kevin Garnett,2004-05,28.2,0.567,27.1,9.5,9.1,0.5365853658536586,0.0,15.0,1270.0,0.012,82.0,38.1,22.2,13.5,5.7,1.5,1.4,0.502,0.24,0.811,16.1,0.248
453,Gilbert Arenas,2004-05,21.3,0.565,27.3,4.2,5.2,0.5487804878048781,0.0,4.0,1270.0,0.003,80.0,40.9,25.5,4.7,5.1,1.7,0.3,0.431,0.365,0.814,11.5,0.169
454,Vince Carter,2004-05,24.5,0.556,32.9,7.0,5.1,0.0,0.0,3.0,1270.0,0.002,77.0,36.7,24.5,5.2,4.2,1.4,0.6,0.452,0.406,0.798,9.4,0.159
455,P.J. Brown,2004-05,15.5,0.512,15.9,0.2,1.5,0.21951219512195122,0.0,1.0,1270.0,0.001,82.0,34.4,10.8,9.0,2.2,0.9,0.6,0.446,0.0,0.864,6.9,0.118
456,Marcus Camby,2004-05,18.0,0.505,17.2,3.1,2.6,0.5975609756097561,0.0,1.0,1270.0,0.001,66.0,30.5,10.3,10.0,2.3,0.9,3.0,0.465,0.0,0.723,5.8,0.138
457,Shawn Marion,2004-05,21.7,0.556,21.3,4.4,5.1,0.7560975609756098,0.0,1.0,1270.0,0.001,81.0,38.8,19.4,11.3,1.9,2.0,1.5,0.476,0.334,0.833,12.5,0.191
458,Steve Nash,2005-06,23.3,0.632,23.3,5.0,4.9,0.6585365853658537,57.0,924.0,1250.0,0.739,79.0,35.4,18.8,4.2,10.5,0.8,0.2,0.512,0.439,0.921,12.4,0.212
459,LeBron James,2005-06,28.1,0.568,33.6,9.1,9.4,0.6097560975609756,16.0,688.0,1250.0,0.55,79.0,42.5,31.4,7.0,6.6,1.6,0.8,0.48,0.335,0.738,16.3,0.232
460,Dirk Nowitzki,2005-06,28.1,0.589,30.0,8.1,7.9,0.7317073170731707,14.0,544.0,1250.0,0.435,81.0,38.1,26.6,9.0,2.8,0.7,1.0,0.48,0.406,0.901,17.7,0.275
461,Kobe Bryant,2005-06,28.0,0.559,38.7,7.6,8.0,0.5487804878048781,22.0,483.0,1250.0,0.386,80.0,41.0,35.4,5.3,4.5,1.8,0.4,0.45,0.347,0.85,15.3,0.224
462,Chauncey Billups,2005-06,23.4,0.602,22.9,6.2,6.1,0.7804878048780488,15.0,430.0,1250.0,0.344,81.0,36.1,18.5,3.1,8.6,0.9,0.1,0.418,0.433,0.894,15.5,0.254
463,Dwyane Wade,2005-06,27.6,0.577,32.5,7.7,7.1,0.6341463414634146,0.0,87.0,1250.0,0.07,75.0,38.6,27.2,5.7,6.7,1.9,0.8,0.495,0.171,0.783,14.4,0.239
464,Elton Brand,2005-06,26.5,0.58,27.7,6.7,6.8,0.573170731707317,1.0,50.0,1250.0,0.04,79.0,39.2,24.7,10.0,2.6,1.0,2.5,0.527,0.333,0.775,14.8,0.229
465,Tim Duncan,2005-06,23.1,0.523,27.7,5.0,4.9,0.7682926829268293,0.0,33.0,1250.0,0.026,80.0,34.8,18.6,11.0,3.2,0.9,2.0,0.484,0.4,0.629,10.8,0.187
466,Tony Parker,2005-06,20.8,0.584,27.1,2.8,3.3,0.7682926829268293,0.0,9.0,1250.0,0.007,80.0,33.9,18.9,3.3,5.8,1.0,0.1,0.548,0.306,0.707,9.6,0.169
467,Allen Iverson,2005-06,25.9,0.543,35.8,4.8,5.3,0.4634146341463415,0.0,1.0,1250.0,0.001,72.0,43.1,33.0,3.2,7.4,1.9,0.1,0.447,0.323,0.814,10.6,0.165
468,Shawn Marion,2005-06,23.6,0.591,22.3,4.8,5.6,0.6585365853658537,0.0,1.0,1250.0,0.001,81.0,40.3,21.8,11.8,1.8,2.0,1.7,0.525,0.331,0.809,14.6,0.214
469,Dirk Nowitzki,2006-07,27.6,0.605,28.9,8.3,7.4,0.8170731707317073,83.0,1138.0,1290.0,0.882,78.0,36.2,24.6,8.9,3.4,0.7,0.8,0.502,0.416,0.904,16.3,0.278
470,Steve Nash,2006-07,23.8,0.654,22.9,5.9,5.3,0.7439024390243902,44.0,1013.0,1290.0,0.785,76.0,35.3,18.6,3.5,11.6,0.8,0.1,0.532,0.455,0.899,12.6,0.225
471,Kobe Bryant,2006-07,26.1,0.58,33.6,5.9,6.1,0.5121951219512195,2.0,521.0,1290.0,0.404,77.0,40.8,31.6,5.7,5.4,1.4,0.5,0.463,0.344,0.868,13.0,0.199
472,Tim Duncan,2006-07,26.1,0.579,27.9,7.0,6.2,0.7073170731707317,0.0,286.0,1290.0,0.222,80.0,34.1,20.0,10.6,3.4,0.8,2.4,0.546,0.111,0.637,13.0,0.23
473,LeBron James,2006-07,24.5,0.552,31.0,8.1,8.1,0.6097560975609756,0.0,183.0,1290.0,0.142,78.0,40.9,27.3,6.7,6.0,1.6,0.7,0.476,0.319,0.698,13.7,0.206
474,Tracy McGrady,2006-07,23.2,0.515,35.0,6.1,5.2,0.6341463414634146,0.0,110.0,1290.0,0.085,71.0,35.8,24.6,5.3,6.5,1.3,0.5,0.431,0.331,0.707,8.6,0.163
475,Chris Bosh,2006-07,22.6,0.577,26.7,2.7,3.1,0.573170731707317,0.0,43.0,1290.0,0.033,69.0,38.5,22.6,10.7,2.5,0.6,1.3,0.496,0.343,0.785,9.6,0.174
476,Gilbert Arenas,2006-07,24.0,0.565,31.4,4.7,5.0,0.5,0.0,31.0,1290.0,0.024,74.0,39.8,28.4,4.6,6.0,1.9,0.2,0.418,0.351,0.844,10.8,0.177
477,Carlos Boozer,2006-07,24.1,0.588,26.5,4.6,4.3,0.6219512195121951,0.0,7.0,1290.0,0.005,74.0,34.6,20.9,11.7,3.0,0.9,0.3,0.561,0.0,0.685,9.9,0.185
478,Kevin Garnett,2006-07,24.1,0.546,27.4,5.4,5.5,0.3902439024390244,0.0,7.0,1290.0,0.005,76.0,39.4,22.4,12.8,4.1,1.2,1.7,0.476,0.214,0.835,10.7,0.171
479,Chauncey Billups,2006-07,21.3,0.591,21.5,4.7,4.3,0.6463414634146342,0.0,4.0,1290.0,0.003,70.0,36.2,17.0,3.4,7.2,1.2,0.2,0.427,0.345,0.883,11.4,0.216
480,Shaquille O'Neal,2006-07,21.7,0.567,29.4,1.7,1.1,0.5365853658536586,0.0,3.0,1290.0,0.002,40.0,28.4,17.3,7.4,2.0,0.2,1.4,0.591,0.0,0.422,2.8,0.119
481,Dwyane Wade,2006-07,28.9,0.583,34.7,8.2,4.9,0.5365853658536586,0.0,3.0,1290.0,0.002,51.0,37.9,27.4,4.7,7.5,2.1,1.2,0.491,0.266,0.807,8.8,0.219
482,Amar'e Stoudemire,2006-07,23.1,0.637,25.8,1.8,2.6,0.7439024390243902,0.0,2.0,1290.0,0.002,82.0,32.8,20.4,9.6,1.0,1.0,1.3,0.575,0.0,0.781,11.2,0.201
483,Carmelo Anthony,2006-07,22.1,0.552,33.4,1.9,2.5,0.5487804878048781,0.0,1.0,1290.0,0.001,65.0,38.2,28.9,6.0,3.8,1.2,0.4,0.476,0.268,0.808,7.3,0.14
484,Baron Davis,2006-07,21.0,0.53,26.5,3.6,3.2,0.5121951219512195,0.0,1.0,1290.0,0.001,63.0,35.3,20.1,4.4,8.1,2.1,0.5,0.439,0.304,0.745,6.4,0.139
485,Tony Parker,2006-07,21.4,0.572,27.4,3.1,3.2,0.7073170731707317,0.0,1.0,1290.0,0.001,77.0,32.5,18.6,3.2,5.5,1.1,0.1,0.52,0.395,0.783,9.6,0.185
486,Kobe Bryant,2007-08,24.2,0.576,31.4,5.8,6.3,0.6951219512195121,82.0,1100.0,1260.0,0.873,82.0,38.9,28.3,6.3,5.4,1.8,0.5,0.459,0.361,0.84,13.8,0.208
487,Chris Paul,2007-08,28.3,0.576,25.7,10.4,9.3,0.6829268292682927,28.0,894.0,1260.0,0.71,80.0,37.6,21.1,4.0,11.6,2.7,0.1,0.488,0.369,0.851,17.8,0.284
488,Kevin Garnett,2007-08,25.3,0.588,25.5,8.2,6.0,0.8048780487804879,15.0,670.0,1260.0,0.532,71.0,32.8,18.8,9.2,3.4,1.4,1.3,0.539,0.0,0.801,12.9,0.265
489,LeBron James,2007-08,29.1,0.568,33.5,10.9,9.8,0.5487804878048781,1.0,438.0,1260.0,0.348,75.0,40.4,30.0,7.9,7.2,1.8,1.1,0.484,0.315,0.712,15.2,0.242
490,Dwight Howard,2007-08,22.9,0.619,24.2,2.8,3.7,0.6341463414634146,0.0,60.0,1260.0,0.048,82.0,37.7,20.7,14.2,1.3,0.9,2.1,0.599,0.0,0.59,12.9,0.2
491,Amar'e Stoudemire,2007-08,27.6,0.656,28.2,4.8,4.6,0.6707317073170732,0.0,27.0,1260.0,0.021,79.0,33.9,25.2,9.1,1.5,0.8,2.1,0.59,0.161,0.805,14.6,0.262
492,Tim Duncan,2007-08,24.4,0.546,28.2,5.2,4.8,0.6829268292682927,0.0,25.0,1260.0,0.02,78.0,34.0,19.3,11.3,2.8,0.7,1.9,0.497,0.0,0.73,11.1,0.201
493,Tracy McGrady,2007-08,18.4,0.487,30.4,2.9,3.1,0.6707317073170732,0.0,19.0,1260.0,0.015,66.0,37.0,21.6,5.1,5.9,1.0,0.5,0.419,0.292,0.684,5.8,0.115
494,Steve Nash,2007-08,21.1,0.641,22.0,3.9,4.2,0.6707317073170732,0.0,18.0,1260.0,0.014,81.0,34.3,16.9,3.5,11.1,0.7,0.1,0.504,0.47,0.906,10.5,0.181
495,Manu Ginbili,2007-08,24.3,0.612,28.7,8.3,6.0,0.6829268292682927,0.0,9.0,1260.0,0.007,74.0,31.1,19.5,4.8,4.5,1.5,0.4,0.46,0.401,0.86,11.1,0.232
496,Dirk Nowitzki,2007-08,24.6,0.585,28.8,6.6,6.0,0.6219512195121951,0.0,5.0,1260.0,0.004,77.0,36.0,23.6,8.6,3.5,0.7,0.9,0.479,0.359,0.879,12.9,0.223
497,Deron Williams,2007-08,20.8,0.595,23.1,3.8,4.5,0.6585365853658537,0.0,4.0,1260.0,0.003,82.0,37.3,18.8,3.0,10.5,1.1,0.3,0.507,0.395,0.803,11.3,0.177
498,Carmelo Anthony,2007-08,21.1,0.568,30.2,1.6,2.5,0.6097560975609756,0.0,3.0,1260.0,0.002,77.0,36.4,25.7,7.4,3.4,1.3,0.5,0.492,0.354,0.786,8.2,0.14
499,Carlos Boozer,2007-08,21.9,0.581,26.6,2.8,3.5,0.6585365853658537,0.0,1.0,1260.0,0.001,81.0,34.9,21.1,10.4,2.9,1.2,0.5,0.547,0.0,0.738,10.2,0.173
500,Antawn Jamison,2007-08,20.3,0.525,25.9,1.7,2.9,0.524390243902439,0.0,1.0,1260.0,0.001,79.0,38.7,21.4,10.2,1.5,1.3,0.4,0.436,0.339,0.76,9.2,0.144
501,Paul Pierce,2007-08,19.6,0.599,24.8,4.8,5.0,0.8048780487804879,0.0,1.0,1260.0,0.001,80.0,35.9,19.6,5.1,4.5,1.3,0.5,0.464,0.392,0.843,12.4,0.207
502,Rasheed Wallace,2007-08,17.2,0.523,20.5,4.1,3.6,0.7195121951219512,0.0,1.0,1260.0,0.001,77.0,30.5,12.7,6.6,1.8,1.2,1.7,0.432,0.356,0.767,7.6,0.155
503,LeBron James,2008-09,31.7,0.591,33.8,13.2,11.8,0.8048780487804879,109.0,1172.0,1210.0,0.969,81.0,37.7,28.4,7.6,7.2,1.7,1.1,0.489,0.344,0.78,20.3,0.318
504,Kobe Bryant,2008-09,24.4,0.561,32.2,5.9,5.9,0.7926829268292683,2.0,698.0,1210.0,0.577,82.0,36.1,26.8,5.2,4.9,1.5,0.5,0.467,0.351,0.856,12.7,0.206
505,Dwyane Wade,2008-09,30.4,0.574,36.2,10.6,9.6,0.524390243902439,7.0,680.0,1210.0,0.562,79.0,38.6,30.2,5.0,7.5,2.2,1.3,0.491,0.317,0.765,14.7,0.232
506,Dwight Howard,2008-09,25.4,0.6,26.1,4.5,4.7,0.7195121951219512,1.0,328.0,1210.0,0.271,79.0,35.7,20.6,13.8,1.4,1.0,2.9,0.572,0.0,0.594,13.8,0.234
507,Chris Paul,2008-09,30.0,0.599,27.5,11.0,9.9,0.5975609756097561,2.0,192.0,1210.0,0.159,78.0,38.5,22.8,5.5,11.0,2.8,0.1,0.503,0.364,0.868,18.3,0.292
508,Chauncey Billups,2008-09,18.8,0.595,21.8,3.4,3.7,0.0,0.0,33.0,1210.0,0.027,79.0,35.3,17.7,3.0,6.4,1.2,0.2,0.418,0.408,0.913,10.1,0.174
509,Paul Pierce,2008-09,17.7,0.582,25.4,3.1,3.9,0.7560975609756098,0.0,21.0,1210.0,0.017,81.0,37.5,20.5,5.6,3.6,1.0,0.3,0.457,0.391,0.83,10.3,0.164
510,Tony Parker,2008-09,23.4,0.556,31.7,3.6,3.5,0.6585365853658537,0.0,9.0,1210.0,0.007,72.0,34.1,22.0,3.1,6.9,0.9,0.1,0.506,0.292,0.782,8.6,0.168
511,Brandon Roy,2008-09,24.0,0.573,27.4,6.2,6.0,0.6585365853658537,0.0,7.0,1210.0,0.006,78.0,37.2,22.6,4.7,5.1,1.1,0.3,0.48,0.377,0.824,13.5,0.223
512,Dirk Nowitzki,2008-09,23.1,0.564,30.3,3.4,4.2,0.6097560975609756,0.0,3.0,1210.0,0.002,81.0,37.7,25.9,8.4,2.4,0.8,0.8,0.479,0.359,0.89,10.9,0.171
513,Tim Duncan,2008-09,24.4,0.549,28.5,5.4,4.7,0.6585365853658537,0.0,2.0,1210.0,0.002,75.0,33.7,19.3,10.7,3.5,0.5,1.7,0.504,0.0,0.692,10.1,0.191
514,Yao Ming,2008-09,22.7,0.618,26.2,3.1,3.3,0.6463414634146342,0.0,1.0,1210.0,0.001,77.0,33.6,19.7,9.9,1.8,0.4,1.9,0.548,1.0,0.866,10.6,0.196
515,LeBron James,2009-10,31.1,0.604,33.5,11.8,10.3,0.7439024390243902,116.0,1205.0,1230.0,0.98,76.0,39.0,29.7,7.3,8.6,1.6,1.0,0.503,0.333,0.767,18.5,0.299
516,Kevin Durant,2009-10,26.2,0.607,32.0,7.1,7.5,0.6097560975609756,4.0,609.0,1230.0,0.495,82.0,39.5,30.1,7.6,2.8,1.4,1.0,0.476,0.365,0.9,16.1,0.238
517,Kobe Bryant,2009-10,21.9,0.545,32.3,4.1,4.4,0.6951219512195121,0.0,599.0,1230.0,0.487,73.0,38.8,27.0,5.4,5.0,1.5,0.3,0.456,0.329,0.811,9.4,0.16
518,Dwight Howard,2009-10,24.0,0.63,23.9,4.4,4.6,0.7195121951219512,3.0,478.0,1230.0,0.389,82.0,34.7,18.3,13.2,1.8,0.9,2.8,0.612,0.0,0.592,13.2,0.223
519,Dwyane Wade,2009-10,28.0,0.562,34.9,9.2,7.9,0.573170731707317,0.0,119.0,1230.0,0.097,77.0,36.3,26.6,4.8,6.5,1.8,1.1,0.476,0.3,0.761,13.0,0.224
520,Carmelo Anthony,2009-10,22.2,0.548,33.4,2.3,2.9,0.6463414634146342,0.0,65.0,1230.0,0.053,69.0,38.2,28.2,6.6,3.2,1.3,0.4,0.458,0.316,0.83,7.9,0.145
521,Dirk Nowitzki,2009-10,22.9,0.578,28.8,4.2,4.7,0.6707317073170732,0.0,55.0,1230.0,0.045,81.0,37.5,25.0,7.7,2.7,0.9,1.0,0.481,0.421,0.915,12.3,0.194
522,Steve Nash,2009-10,21.6,0.615,22.9,4.3,4.2,0.6585365853658537,0.0,49.0,1230.0,0.04,81.0,32.8,16.5,3.3,11.0,0.5,0.1,0.507,0.426,0.938,9.9,0.178
523,Deron Williams,2009-10,20.6,0.574,23.8,3.8,4.1,0.6463414634146342,0.0,7.0,1230.0,0.006,76.0,36.9,18.7,4.0,10.5,1.3,0.2,0.469,0.371,0.801,10.3,0.177
524,Amar'e Stoudemire,2009-10,22.6,0.615,27.3,1.0,2.2,0.6585365853658537,0.0,5.0,1230.0,0.004,82.0,34.6,23.1,8.9,1.0,0.6,1.0,0.557,0.167,0.771,10.7,0.181
525,Manu Ginbili,2009-10,22.5,0.584,25.8,6.7,4.7,0.6097560975609756,0.0,3.0,1230.0,0.002,75.0,28.7,16.5,3.8,4.9,1.4,0.3,0.441,0.377,0.87,9.7,0.216
526,Chauncey Billups,2009-10,20.2,0.601,24.3,3.7,3.6,0.6463414634146342,0.0,1.0,1230.0,0.001,73.0,34.1,19.5,3.1,5.6,1.1,0.1,0.418,0.386,0.91,9.5,0.182
527,Chris Bosh,2009-10,25.0,0.592,28.7,3.6,3.6,0.4878048780487805,0.0,1.0,1230.0,0.001,70.0,36.1,24.0,10.8,2.4,0.6,1.0,0.518,0.364,0.797,9.6,0.182
528,Stephen Jackson,2009-10,15.7,0.52,27.8,0.6,1.8,0.0,0.0,1.0,1230.0,0.001,81.0,38.6,20.6,5.0,3.7,1.6,0.5,0.423,0.328,0.779,5.0,0.077
529,Joe Johnson,2009-10,19.3,0.538,26.3,2.7,3.4,0.6463414634146342,0.0,1.0,1230.0,0.001,76.0,38.0,21.3,4.6,4.9,1.1,0.1,0.458,0.369,0.818,8.4,0.14
530,Derrick Rose,2010-11,23.5,0.55,32.2,6.8,6.7,0.7560975609756098,113.0,1182.0,1210.0,0.977,81.0,37.4,25.0,4.1,7.7,1.0,0.6,0.445,0.332,0.858,13.1,0.208
531,Dwight Howard,2010-11,26.1,0.616,27.2,5.3,5.4,0.6341463414634146,3.0,643.0,1210.0,0.531,78.0,37.6,22.9,14.1,1.4,1.4,2.4,0.593,0.0,0.596,14.4,0.235
532,LeBron James,2010-11,27.3,0.594,31.5,8.1,7.8,0.7073170731707317,4.0,522.0,1210.0,0.431,79.0,38.8,26.7,7.5,7.0,1.6,0.6,0.51,0.33,0.759,15.6,0.244
533,Kobe Bryant,2010-11,23.9,0.548,35.1,5.2,5.0,0.6951219512195121,1.0,428.0,1210.0,0.354,82.0,33.9,25.3,5.1,4.7,1.2,0.1,0.451,0.323,0.828,10.3,0.178
534,Kevin Durant,2010-11,23.6,0.589,30.6,4.9,5.3,0.6707317073170732,0.0,190.0,1210.0,0.157,78.0,38.9,27.7,6.8,2.7,1.1,1.0,0.462,0.35,0.88,12.0,0.189
535,Dirk Nowitzki,2010-11,23.4,0.612,28.2,5.1,4.5,0.6951219512195121,0.0,113.0,1210.0,0.093,73.0,34.3,23.0,7.0,2.6,0.5,0.6,0.517,0.393,0.892,11.1,0.213
536,Dwyane Wade,2010-11,25.6,0.581,31.6,6.6,6.1,0.7073170731707317,0.0,24.0,1210.0,0.02,76.0,37.1,25.5,6.4,4.6,1.5,1.1,0.5,0.306,0.758,12.8,0.218
537,Manu Ginbili,2010-11,21.7,0.581,26.0,5.4,4.5,0.7439024390243902,0.0,20.0,1210.0,0.017,80.0,30.3,17.4,3.7,4.9,1.5,0.4,0.433,0.349,0.871,9.9,0.195
538,Amar'e Stoudemire,2010-11,22.7,0.565,30.9,1.4,2.4,0.5121951219512195,0.0,9.0,1210.0,0.007,78.0,36.8,25.3,8.2,2.6,0.9,1.9,0.502,0.435,0.792,8.0,0.134
539,Blake Griffin,2010-11,21.9,0.549,27.3,2.6,3.6,0.3902439024390244,0.0,5.0,1210.0,0.004,82.0,38.0,22.5,12.1,3.8,0.8,0.5,0.506,0.292,0.642,9.8,0.152
540,Rajon Rondo,2010-11,17.1,0.495,18.3,3.1,3.2,0.6829268292682927,0.0,5.0,1210.0,0.004,68.0,37.2,10.6,4.4,11.2,2.3,0.2,0.475,0.233,0.568,6.6,0.126
541,Tony Parker,2010-11,20.4,0.569,25.5,1.8,2.4,0.7439024390243902,0.0,3.0,1210.0,0.002,78.0,32.4,17.5,3.1,6.6,1.2,0.0,0.519,0.357,0.769,8.2,0.156
542,Chris Paul,2010-11,23.7,0.578,21.1,7.1,6.7,0.5609756097560976,0.0,2.0,1210.0,0.002,80.0,36.0,15.9,4.1,9.8,2.4,0.1,0.463,0.388,0.878,13.9,0.232
543,LeBron James,2011-12,30.7,0.605,32.0,10.9,7.6,0.696969696969697,85.0,1074.0,1210.0,0.888,62.0,37.5,27.1,7.9,6.2,1.9,0.8,0.531,0.362,0.771,14.5,0.298
544,Kevin Durant,2011-12,26.2,0.61,31.3,7.0,5.8,0.7121212121212122,24.0,889.0,1210.0,0.735,66.0,38.6,28.0,8.0,3.5,1.3,1.2,0.496,0.387,0.86,12.2,0.23
545,Chris Paul,2011-12,27.0,0.581,24.3,9.2,6.1,0.6060606060606061,6.0,385.0,1210.0,0.318,60.0,36.4,19.8,3.6,9.1,2.5,0.1,0.478,0.371,0.861,12.7,0.278
546,Kobe Bryant,2011-12,21.9,0.527,35.7,3.3,2.9,0.6212121212121212,2.0,352.0,1210.0,0.291,58.0,38.5,27.9,5.4,4.6,1.2,0.3,0.43,0.303,0.845,6.2,0.132
547,Tony Parker,2011-12,22.0,0.539,27.7,2.7,2.3,0.7575757575757576,4.0,331.0,1210.0,0.274,60.0,32.1,18.3,2.9,7.7,1.0,0.1,0.48,0.23,0.799,7.1,0.177
548,Kevin Love,2011-12,25.4,0.568,28.8,5.2,3.9,0.3939393939393939,0.0,58.0,1210.0,0.048,55.0,39.0,26.0,13.3,2.0,0.9,0.5,0.448,0.372,0.824,10.0,0.223
549,Dwight Howard,2011-12,24.2,0.569,26.1,4.3,3.3,0.5606060606060606,0.0,13.0,1210.0,0.011,54.0,38.3,20.6,14.5,1.9,1.5,2.1,0.573,0.0,0.491,7.7,0.179
550,Rajon Rondo,2011-12,17.5,0.483,20.7,2.2,2.1,0.5909090909090909,0.0,12.0,1210.0,0.01,53.0,36.9,11.9,4.8,11.7,1.8,0.1,0.448,0.238,0.597,4.9,0.121
551,Steve Nash,2011-12,20.3,0.625,19.6,3.4,2.7,0.5,0.0,7.0,1210.0,0.006,62.0,31.6,12.5,3.0,10.7,0.6,0.1,0.532,0.39,0.894,5.9,0.144
552,Dwyane Wade,2011-12,26.3,0.559,31.3,7.9,4.0,0.696969696969697,0.0,6.0,1210.0,0.005,49.0,33.2,22.1,4.8,4.6,1.7,1.3,0.497,0.268,0.791,7.7,0.227
553,Derrick Rose,2011-12,23.0,0.532,30.5,6.4,2.9,0.7575757575757576,0.0,5.0,1210.0,0.004,39.0,35.3,21.8,3.4,7.9,0.9,0.7,0.435,0.312,0.812,6.0,0.211
554,Dirk Nowitzki,2011-12,21.7,0.564,29.2,3.7,3.0,0.5454545454545454,0.0,4.0,1210.0,0.003,62.0,33.5,21.6,6.7,2.2,0.7,0.5,0.457,0.368,0.896,7.6,0.175
555,Russell Westbrook,2011-12,22.9,0.538,32.7,3.0,3.0,0.7121212121212122,0.0,4.0,1210.0,0.003,66.0,35.3,23.6,4.6,5.5,1.7,0.3,0.457,0.316,0.823,7.9,0.163
556,Tim Duncan,2011-12,22.5,0.531,26.2,3.3,2.2,0.7575757575757576,0.0,3.0,1210.0,0.002,58.0,28.2,15.4,9.0,2.3,0.7,1.5,0.492,0.0,0.695,5.9,0.174
557,Joe Johnson,2011-12,18.4,0.557,24.9,2.1,2.2,0.6060606060606061,0.0,1.0,1210.0,0.001,60.0,35.5,18.8,3.7,3.9,0.8,0.2,0.454,0.388,0.849,6.4,0.145
558,LeBron James,2012-13,31.6,0.64,30.2,11.7,9.9,0.8048780487804879,120.0,1207.0,1210.0,0.998,76.0,37.9,26.8,8.0,7.3,1.7,0.9,0.565,0.406,0.753,19.3,0.322
559,Kevin Durant,2012-13,28.3,0.647,29.8,9.3,8.9,0.7317073170731707,0.0,765.0,1210.0,0.632,81.0,38.5,28.1,7.9,4.6,1.4,1.3,0.51,0.416,0.905,18.9,0.291
560,Carmelo Anthony,2012-13,24.8,0.56,35.6,4.3,3.9,0.6585365853658537,1.0,475.0,1210.0,0.393,67.0,37.0,28.7,6.9,2.6,0.8,0.5,0.449,0.379,0.83,9.5,0.184
561,Chris Paul,2012-13,26.4,0.594,22.6,8.8,6.4,0.6829268292682927,0.0,289.0,1210.0,0.239,70.0,33.4,16.9,3.7,9.7,2.4,0.1,0.481,0.328,0.885,13.9,0.287
562,Kobe Bryant,2012-13,23.0,0.57,31.9,4.6,5.0,0.5487804878048781,0.0,184.0,1210.0,0.152,78.0,38.6,27.3,5.6,6.0,1.4,0.3,0.463,0.324,0.839,10.9,0.174
563,Tony Parker,2012-13,23.0,0.588,27.7,3.6,3.1,0.7073170731707317,0.0,86.0,1210.0,0.071,66.0,32.9,20.3,3.0,7.6,0.8,0.1,0.522,0.353,0.845,9.3,0.206
564,Tim Duncan,2012-13,24.4,0.554,27.8,5.3,3.8,0.7073170731707317,0.0,65.0,1210.0,0.054,69.0,30.1,17.8,9.9,2.7,0.7,2.7,0.502,0.286,0.817,8.3,0.191
565,James Harden,2012-13,23.0,0.6,29.0,5.6,5.8,0.5487804878048781,0.0,33.0,1210.0,0.027,78.0,38.3,25.9,4.9,5.8,1.8,0.5,0.438,0.368,0.851,12.8,0.206
566,Russell Westbrook,2012-13,23.9,0.532,32.8,4.4,4.6,0.7317073170731707,0.0,9.0,1210.0,0.007,82.0,34.9,23.2,5.2,7.4,1.8,0.3,0.438,0.323,0.8,11.6,0.195
567,Dwyane Wade,2012-13,24.0,0.571,29.5,4.4,3.8,0.8048780487804879,0.0,5.0,1210.0,0.004,69.0,34.7,21.2,5.0,5.1,1.9,0.8,0.521,0.258,0.725,9.6,0.192
568,Stephen Curry,2012-13,21.3,0.589,26.4,5.4,5.6,0.573170731707317,0.0,3.0,1210.0,0.002,78.0,38.2,22.9,4.0,6.9,1.6,0.2,0.451,0.453,0.9,11.2,0.18
569,Kevin Garnett,2012-13,19.2,0.535,24.5,2.6,2.3,0.5061728395061729,0.0,1.0,1210.0,0.001,68.0,29.7,14.8,7.8,2.3,1.1,0.9,0.496,0.125,0.786,5.6,0.133
570,Marc Gasol,2012-13,19.5,0.559,19.2,5.2,5.1,0.6829268292682927,0.0,1.0,1210.0,0.001,80.0,35.0,14.1,7.8,4.0,1.0,1.7,0.494,0.071,0.848,11.5,0.197
571,Ty Lawson,2012-13,17.9,0.549,22.3,2.0,2.5,0.6951219512195121,0.0,1.0,1210.0,0.001,73.0,34.4,16.7,2.7,6.9,1.5,0.1,0.461,0.366,0.756,7.4,0.141
572,David Lee,2012-13,19.2,0.561,23.2,1.8,2.8,0.573170731707317,0.0,1.0,1210.0,0.001,79.0,36.8,18.5,11.2,3.5,0.8,0.3,0.519,0.0,0.797,9.1,0.15
573,Joakim Noah,2012-13,18.1,0.534,17.2,3.4,3.3,0.5487804878048781,0.0,1.0,1210.0,0.001,66.0,36.8,11.9,11.1,4.0,1.2,2.1,0.481,0.0,0.751,7.3,0.145
574,Kevin Durant,2013-14,29.8,0.635,33.0,10.2,9.6,0.7195121951219512,119.0,1232.0,1250.0,0.986,81.0,38.5,32.0,7.4,5.5,1.3,0.7,0.503,0.391,0.873,19.2,0.295
575,LeBron James,2013-14,29.3,0.649,31.0,8.8,7.9,0.6585365853658537,6.0,891.0,1250.0,0.713,77.0,37.7,27.1,6.9,6.3,1.6,0.3,0.567,0.379,0.75,15.9,0.264
576,Blake Griffin,2013-14,23.9,0.583,29.0,4.5,4.7,0.6951219512195121,0.0,434.0,1250.0,0.347,80.0,35.8,24.1,9.5,3.9,1.2,0.6,0.528,0.273,0.715,12.2,0.205
577,Joakim Noah,2013-14,20.0,0.531,18.7,5.3,5.2,0.5853658536585366,0.0,322.0,1250.0,0.258,80.0,35.3,12.6,11.3,5.4,1.2,1.5,0.475,0.0,0.737,11.2,0.19
578,James Harden,2013-14,23.5,0.618,27.8,5.6,5.3,0.6585365853658537,0.0,85.0,1250.0,0.068,73.0,38.0,25.4,4.7,6.1,1.6,0.4,0.456,0.366,0.866,12.8,0.221
579,Stephen Curry,2013-14,24.1,0.61,28.3,7.4,6.7,0.6219512195121951,0.0,66.0,1250.0,0.053,78.0,36.5,24.0,4.3,8.5,1.6,0.2,0.471,0.424,0.885,13.4,0.225
580,Chris Paul,2013-14,25.9,0.58,23.7,8.6,5.8,0.6951219512195121,0.0,45.0,1250.0,0.036,62.0,35.0,19.1,4.3,10.7,2.5,0.1,0.467,0.368,0.855,12.2,0.27
581,Al Jefferson,2013-14,22.7,0.532,29.3,2.7,3.0,0.524390243902439,0.0,34.0,1250.0,0.027,73.0,35.0,21.8,10.8,2.1,0.9,1.1,0.509,0.2,0.69,7.8,0.146
582,Paul George,2013-14,20.1,0.555,28.3,4.9,5.0,0.6829268292682927,0.0,33.0,1250.0,0.026,80.0,36.2,21.7,6.8,3.5,1.9,0.3,0.424,0.364,0.864,10.8,0.178
583,LaMarcus Aldridge,2013-14,21.8,0.507,29.8,2.3,2.7,0.6585365853658537,0.0,26.0,1250.0,0.021,69.0,36.2,23.2,11.1,2.6,0.9,1.0,0.458,0.2,0.822,7.5,0.144
584,Kevin Love,2013-14,26.9,0.591,28.8,8.9,7.7,0.4878048780487805,0.0,25.0,1250.0,0.02,77.0,36.3,26.1,12.5,4.4,0.8,0.5,0.457,0.376,0.821,14.3,0.245
585,Tim Duncan,2013-14,21.3,0.535,25.2,3.3,2.9,0.7560975609756098,0.0,21.0,1250.0,0.017,74.0,29.2,15.1,9.7,3.0,0.6,1.9,0.49,0.0,0.731,7.4,0.164
586,Tony Parker,2013-14,18.9,0.555,26.5,0.9,1.5,0.7560975609756098,0.0,21.0,1250.0,0.017,68.0,29.4,16.7,2.3,5.7,0.5,0.1,0.499,0.373,0.811,5.9,0.141
587,Dirk Nowitzki,2013-14,23.6,0.603,26.9,5.0,4.7,0.5975609756097561,0.0,7.0,1250.0,0.006,80.0,32.9,21.7,6.2,2.7,0.9,0.6,0.497,0.398,0.899,10.9,0.199
588,Carmelo Anthony,2013-14,24.4,0.561,32.4,5.0,5.3,0.45121951219512196,0.0,4.0,1250.0,0.003,77.0,38.7,27.4,8.1,3.1,1.2,0.7,0.452,0.402,0.848,10.7,0.172
589,Goran Dragi,2013-14,21.4,0.604,24.5,3.9,4.0,0.5853658536585366,0.0,3.0,1250.0,0.002,76.0,35.1,20.3,3.2,5.9,1.4,0.3,0.505,0.408,0.76,10.3,0.186
590,Mike Conley,2013-14,20.0,0.545,24.6,3.8,3.6,0.6097560975609756,0.0,1.0,1250.0,0.001,73.0,33.5,17.2,2.9,6.0,1.5,0.2,0.45,0.361,0.815,8.2,0.161
591,Stephen Curry,2014-15,28.0,0.638,28.9,9.9,7.9,0.8170731707317073,100.0,1198.0,1300.0,0.922,80.0,32.7,23.8,4.3,7.7,2.0,0.2,0.487,0.443,0.914,15.7,0.288
592,James Harden,2014-15,26.7,0.605,31.3,8.8,8.1,0.6829268292682927,25.0,936.0,1300.0,0.72,81.0,36.8,27.4,5.7,7.0,1.9,0.7,0.44,0.375,0.868,16.4,0.265
593,LeBron James,2014-15,25.9,0.577,32.3,7.1,5.7,0.6463414634146342,5.0,552.0,1300.0,0.425,69.0,36.1,25.3,6.0,7.4,1.6,0.7,0.488,0.354,0.71,10.4,0.199
594,Russell Westbrook,2014-15,29.1,0.536,38.4,8.1,5.8,0.5487804878048781,0.0,352.0,1300.0,0.271,67.0,34.4,28.1,7.3,8.6,2.1,0.2,0.426,0.299,0.835,10.6,0.222
595,Anthony Davis,2014-15,30.8,0.591,27.8,8.9,6.7,0.5487804878048781,0.0,203.0,1300.0,0.156,68.0,36.1,24.4,10.2,2.2,1.5,2.9,0.535,0.083,0.805,14.0,0.274
596,Chris Paul,2014-15,26.0,0.596,23.7,8.0,7.2,0.6829268292682927,0.0,124.0,1300.0,0.095,82.0,34.8,19.1,4.6,10.2,1.9,0.2,0.485,0.398,0.9,16.1,0.27
597,LaMarcus Aldridge,2014-15,22.8,0.528,30.2,2.9,3.1,0.6219512195121951,0.0,6.0,1300.0,0.005,71.0,35.4,23.4,10.2,1.7,0.7,1.0,0.466,0.352,0.845,8.6,0.165
598,Marc Gasol,2014-15,21.7,0.558,24.6,5.1,4.8,0.6707317073170732,0.0,3.0,1300.0,0.002,81.0,33.2,17.4,7.8,3.8,0.9,1.6,0.494,0.176,0.795,10.2,0.182
599,Blake Griffin,2014-15,22.8,0.551,28.4,4.0,3.6,0.6829268292682927,0.0,3.0,1300.0,0.002,67.0,35.2,21.9,7.6,5.3,0.9,0.5,0.502,0.4,0.728,9.0,0.183
600,Tim Duncan,2014-15,22.6,0.56,22.2,5.1,4.0,0.6707317073170732,0.0,1.0,1300.0,0.001,77.0,28.9,13.9,9.1,3.0,0.8,2.0,0.512,0.286,0.74,9.6,0.207
601,Kawhi Leonard,2014-15,22.0,0.567,23.0,5.9,4.1,0.6707317073170732,0.0,1.0,1300.0,0.001,64.0,31.8,16.5,7.2,2.5,2.3,0.8,0.479,0.349,0.802,8.6,0.204
602,Klay Thompson,2014-15,20.8,0.591,27.6,4.4,4.0,0.8170731707317073,0.0,1.0,1300.0,0.001,77.0,31.9,21.7,3.2,2.9,1.1,0.8,0.463,0.439,0.879,8.8,0.172
603,Stephen Curry,2015-16,31.5,0.669,32.6,11.9,9.5,0.8902439024390244,131.0,1310.0,1310.0,1.0,79.0,34.2,30.1,5.4,6.7,2.1,0.2,0.504,0.454,0.908,17.9,0.318
604,Kawhi Leonard,2015-16,26.0,0.616,25.8,9.1,6.7,0.8170731707317073,0.0,634.0,1310.0,0.484,72.0,33.1,21.2,6.8,2.6,1.8,1.0,0.506,0.443,0.874,13.7,0.277
605,LeBron James,2015-16,27.5,0.588,31.4,9.0,7.5,0.6951219512195121,0.0,631.0,1310.0,0.482,76.0,35.6,25.3,7.4,6.8,1.4,0.6,0.52,0.309,0.731,13.6,0.242
606,Russell Westbrook,2015-16,27.6,0.554,31.6,7.8,6.8,0.6707317073170732,0.0,486.0,1310.0,0.371,80.0,34.4,23.5,7.8,10.4,2.0,0.3,0.454,0.296,0.812,14.0,0.245
607,Kevin Durant,2015-16,28.2,0.634,30.6,9.9,7.8,0.6707317073170732,0.0,147.0,1310.0,0.112,72.0,35.8,28.2,8.2,5.0,1.0,1.2,0.505,0.387,0.898,14.5,0.27
608,Chris Paul,2015-16,26.2,0.575,27.1,7.9,6.0,0.6463414634146342,0.0,107.0,1310.0,0.082,74.0,32.7,19.5,4.2,10.0,2.1,0.2,0.462,0.371,0.896,12.7,0.253
609,Draymond Green,2015-16,19.3,0.587,18.8,5.5,5.3,0.8902439024390244,0.0,50.0,1310.0,0.038,81.0,34.7,14.0,9.5,7.4,1.5,1.4,0.49,0.388,0.696,11.1,0.19
610,Damian Lillard,2015-16,22.2,0.56,31.3,4.4,4.3,0.5365853658536586,0.0,26.0,1310.0,0.02,75.0,35.7,25.1,4.0,6.8,0.9,0.4,0.419,0.375,0.892,9.2,0.165
611,James Harden,2015-16,25.3,0.598,32.5,6.6,6.8,0.5,0.0,9.0,1310.0,0.007,82.0,38.1,29.0,6.1,7.5,1.7,0.6,0.439,0.359,0.86,13.3,0.204
612,Kyle Lowry,2015-16,22.2,0.578,26.1,5.8,5.7,0.6829268292682927,0.0,6.0,1310.0,0.005,77.0,37.0,21.2,4.7,6.4,2.1,0.4,0.427,0.388,0.811,11.6,0.196
613,Russell Westbrook,2016-17,30.6,0.554,41.7,11.1,9.3,0.573170731707317,69.0,888.0,1010.0,0.879,81.0,34.6,31.6,10.7,10.4,1.6,0.4,0.425,0.343,0.845,13.1,0.224
614,James Harden,2016-17,27.4,0.613,34.2,8.7,8.0,0.6707317073170732,22.0,753.0,1010.0,0.746,81.0,36.4,29.1,8.1,11.2,1.5,0.5,0.44,0.347,0.847,15.0,0.245
615,Kawhi Leonard,2016-17,27.6,0.61,31.1,9.4,7.1,0.7439024390243902,9.0,500.0,1010.0,0.495,74.0,33.4,25.5,5.8,3.5,1.8,0.7,0.485,0.38,0.88,13.6,0.264
616,LeBron James,2016-17,27.0,0.619,30.0,7.6,6.7,0.6219512195121951,1.0,333.0,1010.0,0.33,74.0,37.8,26.4,8.6,8.7,1.2,0.6,0.548,0.363,0.674,12.9,0.221
617,Isaiah Thomas,2016-17,26.5,0.625,34.0,6.7,5.6,0.6463414634146342,0.0,81.0,1010.0,0.08,76.0,33.8,28.9,2.7,5.9,0.9,0.2,0.463,0.379,0.909,12.5,0.234
618,Stephen Curry,2016-17,24.6,0.624,30.1,6.9,5.9,0.8170731707317073,0.0,52.0,1010.0,0.051,79.0,33.4,25.3,4.5,6.6,1.8,0.2,0.468,0.411,0.898,12.6,0.229
619,Giannis Antetokounmpo,2016-17,26.1,0.599,28.3,7.3,6.7,0.5121951219512195,0.0,7.0,1010.0,0.007,80.0,35.6,22.9,8.8,5.4,1.6,1.9,0.521,0.272,0.77,12.4,0.21
620,John Wall,2016-17,23.2,0.541,30.6,4.7,4.8,0.5975609756097561,0.0,7.0,1010.0,0.007,78.0,36.4,23.1,4.2,10.7,2.0,0.6,0.451,0.327,0.801,8.8,0.149
621,Anthony Davis,2016-17,27.5,0.58,32.6,5.9,5.4,0.4146341463414634,0.0,2.0,1010.0,0.002,75.0,36.1,28.0,11.8,2.1,1.3,2.2,0.505,0.299,0.802,11.0,0.195
622,Kevin Durant,2016-17,27.6,0.651,27.8,8.9,5.7,0.8170731707317073,0.0,2.0,1010.0,0.002,62.0,33.4,25.1,8.3,4.8,1.1,1.6,0.537,0.375,0.875,12.0,0.278
623,DeMar DeRozan,2016-17,24.0,0.552,34.3,3.0,3.3,0.6219512195121951,0.0,1.0,1010.0,0.001,74.0,35.4,27.3,5.2,3.9,1.1,0.2,0.467,0.266,0.842,9.0,0.166
624,James Harden,2017-18,29.8,0.619,36.1,9.9,7.7,0.7926829268292683,86.0,965.0,1010.0,0.955,72.0,35.4,30.4,5.4,8.8,1.8,0.7,0.449,0.367,0.858,15.4,0.289
625,LeBron James,2017-18,28.6,0.621,31.6,8.7,8.2,0.6097560975609756,15.0,738.0,1010.0,0.731,82.0,36.9,27.5,8.6,9.1,1.4,0.9,0.542,0.367,0.731,14.0,0.221
626,Anthony Davis,2017-18,28.9,0.612,30.0,6.7,5.9,0.5853658536585366,0.0,445.0,1010.0,0.441,75.0,36.4,28.1,11.1,2.3,1.5,2.6,0.534,0.34,0.828,13.7,0.241
627,Damian Lillard,2017-18,25.2,0.594,30.6,7.2,6.3,0.5975609756097561,0.0,207.0,1010.0,0.205,73.0,36.6,26.9,4.5,6.6,1.1,0.4,0.439,0.361,0.916,12.6,0.227
628,Russell Westbrook,2017-18,24.7,0.524,34.1,6.3,6.1,0.5853658536585366,0.0,76.0,1010.0,0.075,80.0,36.4,25.4,10.1,10.3,1.8,0.3,0.449,0.298,0.737,10.1,0.166
629,Giannis Antetokounmpo,2017-18,27.3,0.598,31.2,6.2,5.7,0.5365853658536586,0.0,75.0,1010.0,0.074,75.0,36.7,26.9,10.0,4.8,1.5,1.4,0.529,0.307,0.76,11.9,0.207
630,Kevin Durant,2017-18,26.0,0.64,30.4,7.3,5.5,0.7073170731707317,0.0,66.0,1010.0,0.065,68.0,34.2,26.4,6.8,5.4,0.7,1.8,0.516,0.419,0.889,10.4,0.215
631,DeMar DeRozan,2017-18,21.0,0.555,29.6,2.8,3.2,0.7195121951219512,0.0,32.0,1010.0,0.032,80.0,33.9,23.0,3.9,5.2,1.1,0.3,0.456,0.31,0.825,9.6,0.17
632,LaMarcus Aldridge,2017-18,25.0,0.57,29.1,3.9,3.7,0.573170731707317,0.0,6.0,1010.0,0.006,75.0,33.5,23.1,8.5,2.0,0.6,1.2,0.51,0.293,0.837,10.9,0.209
633,Jimmy Butler,2017-18,23.7,0.59,24.9,5.8,4.2,0.573170731707317,0.0,5.0,1010.0,0.005,59.0,36.7,22.2,5.3,4.9,2.0,0.4,0.474,0.35,0.854,8.9,0.198
634,Stephen Curry,2017-18,28.2,0.675,31.0,7.7,4.0,0.7073170731707317,0.0,5.0,1010.0,0.005,51.0,32.0,26.4,5.1,6.1,1.6,0.2,0.495,0.423,0.921,9.1,0.267
635,Joel Embiid,2017-18,22.9,0.573,33.4,3.3,2.6,0.6341463414634146,0.0,4.0,1010.0,0.004,63.0,30.3,22.9,11.0,3.2,0.6,1.8,0.483,0.308,0.769,6.2,0.155
636,Victor Oladipo,2017-18,23.1,0.577,30.1,5.8,5.0,0.5853658536585366,0.0,2.0,1010.0,0.002,75.0,34.0,23.1,5.2,4.3,2.4,0.8,0.477,0.371,0.799,8.2,0.155
637,Giannis Antetokounmpo,2018-19,30.9,0.644,32.3,10.4,7.4,0.7317073170731707,78.0,941.0,1010.0,0.932,72.0,32.8,27.7,12.5,5.9,1.3,1.5,0.578,0.256,0.729,14.4,0.292
638,James Harden,2018-19,30.6,0.616,40.5,11.0,9.3,0.6463414634146342,23.0,776.0,1010.0,0.768,78.0,36.8,36.1,6.6,7.5,2.0,0.7,0.442,0.368,0.879,15.2,0.254
639,Paul George,2018-19,23.3,0.583,29.5,7.2,6.6,0.5975609756097561,0.0,356.0,1010.0,0.352,77.0,36.9,28.0,8.2,4.1,2.2,0.4,0.438,0.386,0.839,11.9,0.201
640,Nikola Joki,2018-19,26.3,0.589,27.4,9.1,7.0,0.6585365853658537,0.0,212.0,1010.0,0.21,80.0,31.3,20.1,10.8,7.3,1.4,0.7,0.511,0.307,0.821,11.8,0.226
641,Stephen Curry,2018-19,24.4,0.641,30.4,6.6,5.1,0.6951219512195121,0.0,175.0,1010.0,0.173,69.0,33.8,27.3,5.3,5.2,1.3,0.4,0.472,0.437,0.916,9.7,0.199
642,Damian Lillard,2018-19,23.7,0.588,29.3,6.4,6.0,0.6463414634146342,0.0,69.0,1010.0,0.068,80.0,35.5,25.8,4.6,6.9,1.1,0.4,0.444,0.369,0.912,12.1,0.205
643,Joel Embiid,2018-19,26.1,0.593,33.3,4.9,3.8,0.6219512195121951,0.0,49.0,1010.0,0.049,64.0,33.7,27.5,13.6,3.7,0.7,1.9,0.484,0.3,0.804,8.7,0.194
644,Kevin Durant,2018-19,24.2,0.631,29.0,5.5,5.1,0.6951219512195121,0.0,25.0,1010.0,0.025,78.0,34.6,26.0,6.4,5.9,0.7,1.1,0.521,0.353,0.885,11.5,0.204
645,Kawhi Leonard,2018-19,25.8,0.606,30.3,7.2,4.7,0.7073170731707317,0.0,13.0,1010.0,0.013,60.0,34.0,26.6,7.3,3.3,1.8,0.4,0.496,0.371,0.854,9.5,0.224
646,Russell Westbrook,2018-19,21.1,0.501,30.9,5.2,4.7,0.5975609756097561,0.0,8.0,1010.0,0.008,73.0,36.0,22.9,11.1,10.7,1.9,0.5,0.428,0.29,0.656,6.8,0.124
647,Rudy Gobert,2018-19,24.6,0.682,17.8,5.4,4.8,0.6097560975609756,0.0,1.0,1010.0,0.001,81.0,31.8,15.9,12.9,2.0,0.8,2.3,0.669,0.0,0.636,14.4,0.268
648,LeBron James,2018-19,25.6,0.588,31.6,8.0,4.9,0.45121951219512196,0.0,1.0,1010.0,0.001,55.0,35.2,27.4,8.5,8.3,1.3,0.6,0.51,0.339,0.665,7.2,0.179
649,Giannis Antetokounmpo,2019-20,31.9,0.613,37.5,11.5,6.6,0.7671232876712328,85.0,962.0,1010.0,0.952,63.0,30.4,29.5,13.6,5.6,1.0,1.0,0.553,0.304,0.633,11.1,0.279
650,LeBron James,2019-20,25.5,0.577,31.5,8.4,6.1,0.7323943661971831,16.0,753.0,1010.0,0.746,67.0,34.6,25.3,7.8,10.2,1.2,0.5,0.493,0.348,0.693,9.8,0.204
651,James Harden,2019-20,29.1,0.626,36.3,9.6,7.3,0.6111111111111112,0.0,367.0,1010.0,0.363,68.0,36.5,34.3,6.6,7.5,1.8,0.9,0.444,0.355,0.865,13.1,0.254
652,Luka Doni,2019-20,27.6,0.585,36.8,8.4,5.4,0.5733333333333334,0.0,200.0,1010.0,0.198,61.0,33.6,28.8,9.4,8.8,1.0,0.2,0.463,0.316,0.758,8.8,0.207
653,Kawhi Leonard,2019-20,26.9,0.589,33.0,8.9,5.1,0.6805555555555556,0.0,168.0,1010.0,0.166,57.0,32.4,27.1,7.1,4.9,1.8,0.6,0.47,0.378,0.886,8.7,0.226
654,Anthony Davis,2019-20,27.4,0.61,29.3,8.0,5.4,0.7323943661971831,0.0,82.0,1010.0,0.081,62.0,34.4,26.1,9.3,3.2,1.5,2.3,0.503,0.33,0.846,11.1,0.25
655,Chris Paul,2019-20,21.7,0.61,23.3,4.4,3.5,0.6111111111111112,0.0,26.0,1010.0,0.026,70.0,31.5,17.6,5.0,6.7,1.6,0.2,0.489,0.365,0.907,8.9,0.193
656,Damian Lillard,2019-20,26.9,0.627,30.3,7.5,5.9,0.47297297297297297,0.0,23.0,1010.0,0.023,66.0,37.5,30.0,4.3,8.0,1.1,0.3,0.463,0.401,0.888,11.6,0.225
657,Nikola Joki,2019-20,24.9,0.605,26.6,7.4,5.5,0.6301369863013698,0.0,18.0,1010.0,0.018,73.0,32.0,19.9,9.7,7.0,1.2,0.6,0.528,0.314,0.817,9.8,0.202
658,Pascal Siakam,2019-20,17.9,0.554,28.1,1.8,2.0,0.7361111111111112,0.0,17.0,1010.0,0.017,60.0,35.2,22.9,7.3,3.5,1.0,0.9,0.453,0.359,0.792,5.4,0.123
659,Jimmy Butler,2019-20,23.6,0.585,25.1,5.4,3.7,0.6027397260273972,0.0,9.0,1010.0,0.009,58.0,33.8,19.9,6.7,6.0,1.8,0.6,0.455,0.244,0.834,9.0,0.221
660,Jayson Tatum,2019-20,20.4,0.567,28.6,4.0,3.4,0.6666666666666666,0.0,1.0,1010.0,0.001,66.0,34.3,23.4,7.0,3.0,1.4,0.9,0.45,0.403,0.812,6.9,0.146
